lat,long,yds_clean_coarse,ver_clean_coarse,fa,route_name,nopm_YDS,nopm_Vermin,has_f,has_fB,has_fanat,has_fall,has_fBall,has_fallsex,has_m,has_manat,has_mall,has_mallsex,has_sex,has_fmallsex,has_eth,has_lgbt,has_drugs,has_money,has_violence,has_penis,has_bitch,has_pussy,has_whore,has_virgin,has_arete,has_slab,has_overhang,has_dihedral,has_roof,has_jug,has_crimp,has_flake,has_any,rating
 41.935,-93.5376,,3.0,Austin Bullard,Honey Hole,,V3,0,1,1,1,1,1,0,0,0,0,0,1,0,0,0,0,0,0,0,0,0,0,0,0,0,0,0,0,0,0,1,Advanced
 37.50668,-88.68637,9.0,,unknown,Beaver Bones,5.9,,0,1,1,1,1,1,0,0,0,0,0,1,0,0,0,0,0,0,0,1,0,0,0,0,0,0,0,0,0,0,1,Intermediate
 37.4975,-88.7187,,8.0,unknown,Beaver Eater Deluxe,,V8,0,1,1,1,1,1,0,0,0,0,0,1,0,0,0,0,0,0,0,1,0,0,0,0,0,0,0,0,0,0,1,Advanced
 40.69426,-89.65178,,5.0,Charlie Schneider,Breast Melk,,V5/6,0,1,1,1,1,1,0,0,0,0,0,1,0,0,0,0,0,0,0,0,0,0,0,0,0,0,0,0,0,0,1,Advanced
 37.5188,-89.02746,12.0,,Kerby cGhee 1990,Oily Easter Beaver,5.12a,,0,1,1,1,1,1,0,0,0,0,0,1,0,0,0,0,0,0,0,1,0,0,0,0,0,0,0,0,0,0,1,Advanced
 37.67353,-89.51256,,3.0,unknown,Cream Beaver,,V3/4,0,1,1,1,1,1,0,0,0,0,0,1,0,0,0,0,0,0,0,1,0,0,0,0,0,0,0,0,0,0,1,Advanced
 47.32016,-91.21086,9.0,,"Rick Kollath, Dave Pagel",Pussyfoot,5.9+,,1,1,1,1,1,1,0,0,0,0,0,1,0,0,0,0,0,0,0,1,0,0,0,0,0,0,0,0,0,0,1,Intermediate
 47.32016,-91.21086,8.0,,Chris Holbeck,Double Breasted Anchor,5.8,,0,1,1,1,1,1,0,0,0,0,0,1,0,0,0,0,0,0,0,0,0,0,0,0,0,0,0,0,0,0,1,Intermediate
 47.32016,-91.21086,12.0,,"Taylor Krosbakken, Aug 2019",Amphitrite's Beaver,5.12b,,0,1,1,1,1,1,0,0,0,0,0,1,0,0,0,0,0,0,0,1,0,0,0,0,0,0,0,0,0,0,1,Advanced
 46.13257,-92.85603,,6.0,Mrs. Helke,That Girl's a Bitch,,V6,1,1,0,1,1,1,0,0,0,0,0,1,0,0,0,0,0,0,1,0,0,0,0,0,0,0,0,0,0,0,1,Advanced
 46.7614,-92.1726,,1.0,Adam Van Straten,Whores or S'mores,,V1,1,1,0,1,1,1,0,0,0,0,0,1,0,0,0,0,0,0,0,0,1,0,0,0,0,0,0,0,0,0,1,Intermediate
 46.77789,-92.12503,,1.0,unknown,The Vagina Monologue,,V1,0,1,1,1,1,1,0,0,0,0,0,1,0,0,0,0,0,0,0,1,0,0,0,0,0,0,0,0,0,0,1,Intermediate
 46.78183,-92.15915,,3.0,unknown,Funky Bitch,,V3,1,1,0,1,1,1,0,0,0,0,0,1,0,0,0,0,0,0,1,0,0,0,0,0,0,0,0,0,0,0,1,Advanced
 40.07037,-81.93323,,3.0,unknown,Pussy,,V3,1,1,1,1,1,1,0,0,0,0,0,1,0,0,0,0,0,0,0,1,0,0,0,0,0,0,0,0,0,0,1,Advanced
 41.3205,-81.6182,,5.0,unknown,Left Handed Whore,,V5,1,1,0,1,1,1,0,0,0,0,0,1,0,0,0,0,0,0,0,0,1,0,0,0,0,0,0,0,0,0,1,Advanced
 43.68759,-96.52161,9.0,,unknown,The Son Of A Bitch,5.9+,,1,1,0,1,1,1,0,0,0,0,0,1,0,0,0,0,0,0,1,0,0,0,0,0,0,0,0,0,0,0,1,Intermediate
 43.68759,-96.52161,8.0,,unknown,The Bitch,5.8/9,,1,1,0,1,1,1,0,0,0,0,0,1,0,0,0,0,0,0,1,0,0,0,0,0,0,0,0,0,0,0,1,Intermediate
 43.8013,-103.7624,10.0,,Eric Gilbert,Beach Whore,5.10c/d,,1,1,0,1,1,1,0,0,0,0,0,1,0,0,0,0,0,0,0,0,1,0,0,0,0,0,0,0,0,0,1,Intermediate
 44.29596,-103.89038,11.0,,Tyrell Ehnes,Reigning Pussies and Bitches,5.11d,,1,1,1,1,1,1,0,0,0,0,0,1,0,0,0,0,0,0,1,1,0,0,0,0,0,0,0,0,0,0,1,Advanced
 44.29596,-103.89038,11.0,,Christian Baird,Bitch Fucking Rat Sticks!,5.11b/c,,1,1,0,1,1,1,0,0,0,1,1,1,0,0,0,0,0,0,1,0,0,0,0,0,0,0,0,0,0,0,1,Advanced
 44.28338,-103.89865,11.0,,Jamie Coin,Bitchin!,5.11c,,1,1,0,1,1,1,0,0,0,0,0,1,0,0,0,0,0,0,1,0,0,0,0,0,0,0,0,0,0,0,1,Advanced
 44.3424,-103.92558,,3.0,craig furber,Bitch! He's Mine,,V3,1,1,0,1,1,1,0,0,0,0,0,1,0,0,0,0,0,0,1,0,0,0,0,0,0,0,0,0,0,0,1,Advanced
 44.3424,-103.92558,,0.0,craig furber,Whiney Little Bitch,,V0,1,1,0,1,1,1,0,0,0,0,0,1,0,0,0,0,0,0,1,0,0,0,0,0,0,0,0,0,0,0,1,Intermediate
 44.28332,-103.8988,12.0,,Lee Terveen,Whore Frost,5.12a,,1,1,0,1,1,1,0,0,0,0,0,1,0,0,0,0,0,0,0,0,1,0,0,0,0,0,0,0,0,0,1,Advanced
 44.27819,-103.90419,12.0,,"Harrison Tueber, Equipped by: Joel Mckillop",My Bitch Makes Pizza,5.12c,,1,1,0,1,1,1,0,0,0,0,0,1,0,0,0,0,0,0,1,0,0,0,0,0,0,0,0,0,0,0,1,Advanced
 44.27819,-103.90419,12.0,,ME,My bitch ain't no lady,5.12c/d,,1,1,0,1,1,1,0,0,0,0,0,1,0,0,0,0,0,0,1,0,0,0,0,0,0,0,0,0,0,0,1,Advanced
 44.27819,-103.90419,11.0,,Joel McKillop,Blowin' Kisses At Disinterested Bitches,5.11b,,1,1,0,1,1,1,0,0,0,0,0,1,0,0,0,0,0,0,1,0,0,0,0,0,0,0,0,0,0,0,1,Advanced
 44.4578,-103.8589,12.0,,LT equipped by: Joel mckillop,Easy Skankin,5.12c,,1,1,0,1,1,1,0,0,0,0,0,1,0,0,0,0,0,0,0,0,0,0,0,0,0,0,0,0,0,0,1,Advanced
 44.29254,-103.88384,11.0,,Mike Cronin,Breast Pump,5.11b,,0,1,1,1,1,1,0,0,0,0,0,1,0,0,0,0,0,0,0,0,0,0,0,0,0,0,0,0,0,0,1,Advanced
 44.31726,-103.90147,10.0,,Mike Cronin,Double Mochachino Slut Puppies,5.10a,,1,1,0,1,1,1,0,0,0,0,0,1,0,0,0,0,0,0,0,0,1,0,0,0,0,0,0,0,0,0,1,Intermediate
 43.88764,-103.47043,,5.0,Chris Hirsch 2014,Two Trashy Dykes aka OSCAR,,V5/6,1,1,0,1,1,1,0,0,0,0,0,1,0,1,0,0,0,0,0,0,0,0,0,0,0,0,0,0,0,0,1,Advanced
 43.87379,-103.45852,,3.0,Michael Madsen,Thats Politics Bitch,,V3,1,1,0,1,1,1,0,0,0,0,0,1,0,0,0,0,0,0,1,0,0,0,0,0,0,0,0,0,0,0,1,Advanced
 43.8483,-103.44879,12.0,,"Mike Cronin, Heather Heynen",R12 - Beaver,5.12a,,0,1,1,1,1,1,0,0,0,0,0,1,0,0,0,0,0,0,0,1,0,0,0,0,0,0,0,0,0,0,1,Advanced
 43.88598,-103.4665,9.0,,unknown,Tits and Aspen,5.9,,0,1,1,1,1,1,0,0,0,0,0,1,0,0,0,0,0,0,0,0,0,0,0,0,0,0,0,0,0,0,1,Intermediate
 43.8864,-103.467,10.0,,Paul Piana & Heidi Badaracco 1989,Bull Dyke,5.10a/b,,1,1,0,1,1,1,0,0,0,0,0,1,0,1,0,0,0,0,0,0,0,0,0,0,0,0,0,0,0,0,1,Intermediate
 43.8864,-103.467,11.0,,Paul Piana & Hedi Badaracco-1989,Dykes Next Door,5.11a,,1,1,0,1,1,1,0,0,0,0,0,1,0,1,0,0,0,0,0,0,0,0,0,0,0,0,0,0,0,0,1,Advanced
 43.8856,-103.4696,,8.0,Josh Dreher,Dyke Dream,,V8,1,1,0,1,1,1,0,0,0,0,0,1,0,1,0,0,0,0,0,0,0,0,0,0,0,0,0,0,0,0,1,Advanced
 43.8853,-103.4702,,9.0,Chuck Fryberger 2003,No More Mr. T   aka   Fryberger's Dyke,,V9/10,1,1,0,1,1,1,0,0,0,0,0,1,0,1,0,0,0,0,0,0,0,0,0,0,0,0,0,0,0,0,1,Advanced
 43.8631,-103.46356,,5.0,Joshua Dreher,Lay Into Gary's Vagina Waves,,V5,0,1,1,1,1,1,0,0,0,0,0,1,0,0,0,0,0,0,0,1,0,0,0,0,0,0,0,0,0,0,1,Advanced
 43.8631,-103.46356,,3.0,Gary Carnes,Gary's Vagina Waves,,V3,0,1,1,1,1,1,0,0,0,0,0,1,0,0,0,0,0,0,0,1,0,0,0,0,0,0,0,0,0,0,1,Advanced
 44.04061,-103.33278,13.0,,Chris Hirsch,Whoreizontal,5.13a,,1,1,0,1,1,1,0,0,0,0,0,1,0,0,0,0,0,0,0,0,1,0,0,0,0,0,0,0,0,0,1,Advanced
 43.81155,-91.20595,10.0,,unknown,Psychobitch,5.10d,,1,1,0,1,1,1,0,0,0,0,0,1,0,0,0,0,0,0,1,0,0,0,0,0,0,0,0,0,0,0,1,Intermediate
 43.0335,-90.1076,,7.0,Go get it!!,Project ( We call it titty twister),,V7/8,0,1,1,1,1,1,0,0,0,0,0,1,0,0,0,0,0,0,0,0,0,0,0,0,0,0,0,0,0,0,1,Advanced
 43.41367,-89.71340000000001,7.0,,unknown,Pussy Galore's Flying Circus,5.7,,1,1,1,1,1,1,0,0,0,0,0,1,0,0,0,0,0,0,0,1,0,0,0,0,0,0,0,0,0,0,1,Beginner
 43.40501,-89.72901,,4.0,Remo?,Pussy Whipped Left,,V4,1,1,1,1,1,1,0,0,0,0,0,1,0,0,0,0,0,0,0,1,0,0,0,0,0,0,0,0,0,0,1,Advanced
 43.40501,-89.72901,,8.0,Eric Z.,Pussy Whipped,,V8,1,1,1,1,1,1,0,0,0,0,0,1,0,0,0,0,0,0,0,1,0,0,0,0,0,0,0,0,0,0,1,Advanced
 43.42674,-89.73576,,6.0,Ian CB or Old School,Smackdown Sit aka Bitch Slap,,V6,1,1,0,1,1,1,0,0,0,0,0,1,0,0,0,0,0,0,1,0,0,0,0,0,0,0,0,0,0,0,1,Advanced
 43.42674,-89.73576,,6.0,Not Ian,Bitch Better Have My Money,,V6,1,1,0,1,1,1,0,0,0,0,0,1,0,0,0,1,0,0,1,0,0,0,0,0,0,0,0,0,0,0,1,Advanced
 43.42167,-89.72417,,2.0,Ryan Hys,Roofie,,V2,0,1,0,0,1,1,0,0,0,1,1,1,0,0,0,0,0,0,0,0,0,0,0,0,0,0,0,0,0,0,1,Intermediate
 39.9706,-105.28729,12.0,,"Jimmy Surette and Greg McCausland, 1988",Tits Out For The Lads,5.12b,,0,1,1,1,1,1,0,0,0,0,0,1,0,0,0,0,0,0,0,0,0,0,0,0,0,0,0,0,0,0,1,Advanced
 39.98659,-105.29198,,4.0,JD and/or Paul Glover,Skin Poppin' Slut,,V4,1,1,0,1,1,1,0,0,0,0,0,1,0,0,0,0,0,0,0,0,1,0,0,0,0,0,0,0,0,0,1,Advanced
 38.632130000000004,-105.22238,12.0,,"Richard Aschert and Dave Dangle, 1991",Tits Up,5.12b,,0,1,1,1,1,1,0,0,0,0,0,1,0,0,0,0,0,0,0,0,0,0,0,0,0,0,0,0,0,0,1,Advanced
 38.6524,-105.2244,10.0,,Mark Van Horn,Skank to Crank,5.10d,,1,1,0,1,1,1,0,0,0,0,0,1,0,0,0,0,0,0,0,0,0,0,0,0,0,0,0,0,0,0,1,Intermediate
 38.6187,-105.2377,8.0,,"Charlie Kardaleff, summer 2000.",Coffee Bitch,5.7/8,,1,1,0,1,1,1,0,0,0,0,0,1,0,0,0,0,0,0,1,0,0,0,0,0,0,0,0,0,0,0,1,Intermediate
 39.97207,-105.46336,11.0,,"Rick Leitner, 1999",Leave it to Beaver,5.11c/d,,0,1,1,1,1,1,0,0,0,0,0,1,0,0,0,0,0,0,0,1,0,0,0,0,0,0,0,0,0,0,1,Advanced
 39.97207,-105.46336,12.0,,??,Beaver Overload,5.12d,,0,1,1,1,1,1,0,0,0,0,0,1,0,0,0,0,0,0,0,1,0,0,0,0,0,0,0,0,0,0,1,Advanced
 39.97207,-105.46336,11.0,,"Chris Alber, 1999",Beaver Fever,5.11d,,0,1,1,1,1,1,0,0,0,0,0,1,0,0,0,0,0,0,0,1,0,0,0,0,0,0,0,0,0,0,1,Advanced
 40.0139,-105.3079,10.0,,"Alec Sharp, Dan Hare, Christian Griffith, Joel Schiavone, 1981.",Pussy Cat,5.10b/c,,1,1,1,1,1,1,0,0,0,0,0,1,0,0,0,0,0,0,0,1,0,0,0,0,0,0,0,0,0,0,1,Intermediate
 37.85639,-107.86738,10.0,,Charlie Fowler and Doug Berry,Easy Skankin',5.10c/d,,1,1,0,1,1,1,0,0,0,0,0,1,0,0,0,0,0,0,0,0,0,0,0,0,0,0,0,0,0,0,1,Intermediate
 39.20667,-105.31877,9.0,,"Annabelle McClure, Greg Miller",That Bitch Carole Baskin,5.9,,1,1,0,1,1,1,0,0,0,0,0,1,0,0,0,0,0,0,1,0,0,0,0,0,0,0,0,0,0,0,1,Intermediate
 39.25653,-105.10211,10.0,,magill,Steaming Beaver,5.10d,,0,1,1,1,1,1,0,0,0,0,0,1,0,0,0,0,0,0,0,1,0,0,0,0,0,0,0,0,0,0,1,Intermediate
 39.25848,-105.10665,10.0,,Mike Carrington,Jungle Beaver,5.10c/d,,0,1,1,1,1,1,0,0,0,0,0,1,0,0,0,0,0,0,0,1,0,0,0,0,0,0,0,0,0,0,1,Intermediate
 39.7137,-107.6922,11.0,,unknown,Pussy In The Sky With Almonds,5.11c/d,,1,1,1,1,1,1,0,0,0,0,0,1,0,0,0,0,0,0,0,1,0,0,0,0,0,0,0,0,0,0,1,Advanced
 39.71897,-107.69163,12.0,,"Sterling Keene, 1994",Easy Skankin',5.12b,,1,1,0,1,1,1,0,0,0,0,0,1,0,0,0,0,0,0,0,0,0,0,0,0,0,0,0,0,0,0,1,Advanced
 39.72098,-107.69019,13.0,,John Dunn,Cooch,5.13a,,0,1,1,1,1,1,0,0,0,0,0,1,0,0,0,0,0,0,0,0,0,0,0,0,0,0,0,0,0,0,1,Advanced
 39.71953,-107.69026,10.0,,Steve Danboise,Tijuana Crack Whore,5.10d,,1,1,0,1,1,1,0,0,0,0,0,1,0,0,0,0,0,0,0,0,1,0,0,0,0,0,0,0,0,0,1,Intermediate
 38.03072,-107.67112,11.0,,Gilbert,Bitch Slap,5.11c,,1,1,0,1,1,1,0,0,0,0,0,1,0,0,0,0,0,0,1,0,0,0,0,0,0,0,0,0,0,0,1,Advanced
 39.12615,-106.66749,9.0,,NA,Eager Beaver,5.9,,0,1,1,1,1,1,0,0,0,0,0,1,0,0,0,0,0,0,0,1,0,0,0,0,0,0,0,0,0,0,1,Intermediate
 39.11089,-106.6813,10.0,,"Reese Martin & Charlotte Fox, 2003",Beaver Creek or Bust,5.10b/c,,0,1,1,1,1,1,0,0,0,0,0,1,0,0,0,0,0,0,0,1,0,0,0,0,0,0,0,0,0,0,1,Intermediate
 39.11983,-106.70002,12.0,,Charlie Fowler,Space Sluts in the Slammer,5.12b,,1,1,0,1,1,1,0,0,0,0,0,1,0,0,0,0,0,0,0,0,1,0,0,0,0,0,0,0,0,0,1,Advanced
 39.60935,-105.9172,,5.0,"Quincy Conway, Will Sharp",Bitch'n Beluga,,V5/6,1,1,0,1,1,1,0,0,0,0,0,1,0,0,0,0,0,0,1,0,0,0,0,0,0,0,0,0,0,0,1,Advanced
 40.22683,-105.34736,,5.0,To be determined,Kneebar Pussy,,V5,1,1,1,1,1,1,0,0,0,0,0,1,0,0,0,0,0,0,0,1,0,0,0,0,0,0,0,0,0,0,1,Advanced
 40.20539,-105.32296,6.0,,"Ryan Mills, Alvino Ponn, 2002",Slap My Bitch Up,5.6,,1,1,0,1,1,1,0,0,0,0,0,1,0,0,0,0,0,0,1,0,0,0,0,0,0,0,0,0,0,0,1,Beginner
 39.616,-105.214,9.0,,Robbie Schmidt,Love Dyke,5.9,,1,1,0,1,1,1,0,0,0,0,0,1,0,1,0,0,0,0,0,0,0,0,0,0,0,0,0,0,0,0,1,Intermediate
 39.5407,-105.1783,,5.0,Ron Cook,Brother Beaver,,V5,0,1,1,1,1,1,0,0,0,0,0,1,0,0,0,0,0,0,0,1,0,0,0,0,0,0,0,0,0,0,1,Advanced
 38.49712,-106.94757,10.0,,unknown,Pussy Foot,5.10a,,1,1,1,1,1,1,0,0,0,0,0,1,0,0,0,0,0,0,0,1,0,0,0,0,0,0,0,0,0,0,1,Intermediate
 38.5448,-106.928,9.0,,"1998 Nick Strong, Craig Stanton",Dirty Whore,5.8/9,,1,1,0,1,1,1,0,0,0,0,0,1,0,0,0,0,0,0,0,0,1,0,0,0,0,0,0,0,0,0,1,Intermediate
 38.8803,-108.50612,,1.0,unknown,Tough Titty Said Kitty,,V1,0,1,1,1,1,1,0,0,0,0,0,1,0,0,0,0,0,0,0,0,0,0,0,0,0,0,0,0,0,0,1,Intermediate
 38.51582,-108.89745,,1.0,unknown,Slutty Liar,,V1,1,1,0,1,1,1,0,0,0,0,0,1,0,0,0,0,0,0,0,0,1,0,0,0,0,0,0,0,0,0,1,Intermediate
 38.81382,-108.6192,11.0,,"Jesse Zacher, Matt Seymour",Super Dyke,5.11b/c,,1,1,0,1,1,1,0,0,0,0,0,1,0,1,0,0,0,0,0,0,0,0,0,0,0,0,0,0,0,0,1,Advanced
 38.81507,-108.60882,8.0,,Andy Peterfish,Skank,5.8/9,,1,1,0,1,1,1,0,0,0,0,0,1,0,0,0,0,0,0,0,0,0,0,0,0,0,0,0,0,0,0,1,Intermediate
 38.89295,-108.5121,,4.0,unknown,Little Rapes,,V4,0,1,0,0,1,1,0,0,0,1,1,1,0,0,0,0,0,0,0,0,0,0,0,0,0,0,0,0,0,0,1,Advanced
 38.8928,-108.51,,1.0,unknown,Titty Twister,,V1,0,1,1,1,1,1,0,0,0,0,0,1,0,0,0,0,0,0,0,0,0,0,0,0,0,0,0,0,0,0,1,Intermediate
 38.94628,-108.48494,,2.0,unknown,Bubba Ho Tep,,V2,1,1,0,1,1,1,0,0,0,0,0,1,0,0,0,0,0,0,0,0,1,0,0,0,0,0,0,0,0,0,1,Intermediate
 38.94424,-108.48206,,0.0,unknown,Hustlin' Whore,,V0,1,1,0,1,1,1,0,0,0,0,0,1,0,0,0,0,0,0,0,0,1,0,0,0,0,0,0,0,0,0,1,Intermediate
 38.92039,-108.49364,,4.0,unknown,Prehistoric Bitch,,V4,1,1,0,1,1,1,0,0,0,0,0,1,0,0,0,0,0,0,1,0,0,0,0,0,0,0,0,0,0,0,1,Advanced
 39.68296,-107.57729,10.0,,Bryan Gall,Red Breasts and Hot Wings,5.10a,,0,1,1,1,1,1,0,0,0,0,0,1,0,0,0,0,0,0,0,0,0,0,0,0,0,0,0,0,0,0,1,Intermediate
 40.5686,-105.077,,7.0,unknown,The Bitch Slap,,V7,1,1,0,1,1,1,0,0,0,0,0,1,0,0,0,0,0,0,1,0,0,0,0,0,0,0,0,0,0,0,1,Advanced
 40.32032,-105.2139,,3.0,unknown,Pocket Pussy,,V3,1,1,1,1,1,1,0,0,0,0,0,1,0,0,0,0,0,0,0,1,0,0,0,0,0,0,0,0,0,0,1,Advanced
 39.62375,-107.13401,10.0,,Jeff Achey,Smells Like Pussy,5.10d,,1,1,1,1,1,1,0,0,0,0,0,1,0,0,0,0,0,0,0,1,0,0,0,0,0,0,0,0,0,0,1,Intermediate
 39.62375,-107.13401,11.0,,Jeff Achey,Pussy Pie,5.11a,,1,1,1,1,1,1,0,0,0,0,0,1,0,0,0,0,0,0,0,1,0,0,0,0,0,0,0,0,0,0,1,Advanced
 39.62375,-107.13401,11.0,,unknown,Bitchy Bitch,5.11c,,1,1,0,1,1,1,0,0,0,0,0,1,0,0,0,0,0,0,1,0,0,0,0,0,0,0,0,0,0,0,1,Advanced
 39.55116,-107.31743,12.0,,Jeff Achey,Bitch Slap,5.12b,,1,1,0,1,1,1,0,0,0,0,0,1,0,0,0,0,0,0,1,0,0,0,0,0,0,0,0,0,0,0,1,Advanced
 39.57692,-107.21427,11.0,,Mike Schneiter,How To Be Bitchin',5.11c/d,,1,1,0,1,1,1,0,0,0,0,0,1,0,0,0,0,0,0,1,0,0,0,0,0,0,0,0,0,0,0,1,Advanced
 39.76953,-105.22006,10.0,,"Alan Nelson, Richard Wright, 1993",Bimbo in Limbo,5.10a/b,,1,1,0,1,1,1,0,0,0,0,0,1,0,0,0,0,0,0,0,0,0,0,0,0,0,0,0,0,0,0,1,Intermediate
 40.43666,-105.31171,8.0,,Al Simons,A Slut Climb Named Desire,5.8,,1,1,0,1,1,1,0,0,0,0,0,1,0,0,0,0,0,0,0,0,1,0,0,0,0,0,0,0,0,0,1,Intermediate
 40.16789,-105.47848,8.0,,unknown,Seething Bitch aka Thieving Bitch,5.8,,1,1,0,1,1,1,0,0,0,0,0,1,0,0,0,0,0,0,1,0,0,0,0,0,0,0,0,0,0,0,1,Intermediate
 39.73821,-105.3164,11.0,,"Tod Anderson, 1997",Smack That Bitch Up,5.11a,,1,1,0,1,1,1,0,0,0,0,0,1,0,0,0,0,0,0,1,0,0,0,0,0,0,0,0,0,0,0,1,Advanced
 39.7428,-105.4043,11.0,,Graham Blandy,The Pussy,5.11d,,1,1,1,1,1,1,0,0,0,0,0,1,0,0,0,0,0,0,0,1,0,0,0,0,0,0,0,0,0,0,1,Advanced
 39.73696,-105.31648,,6.0,Wade David,Bitch Strength,,V6/7,1,1,0,1,1,1,0,0,0,0,0,1,0,0,0,0,0,0,1,0,0,0,0,0,0,0,0,0,0,0,1,Advanced
 39.74023,-105.41433,,6.0,Joe Varela & Zach Wood,Seeing Eye Bitch aka Seeing Scrapes,,V6,1,1,0,1,1,1,0,0,0,0,0,1,0,0,0,0,0,0,1,0,0,0,0,0,0,0,0,0,0,0,1,Advanced
 39.34823,-104.75964,10.0,,"Chris Drysdale, 1987",Bitch,5.10b/c,,1,1,0,1,1,1,0,0,0,0,0,1,0,0,0,0,0,0,1,0,0,0,0,0,0,0,0,0,0,0,1,Intermediate
 37.31,-107.9432,,9.0,Skylar Smith?,Boobs On My Granny,,V9,0,1,1,1,1,1,0,0,0,0,0,1,0,0,0,0,0,0,0,0,0,0,0,0,0,0,0,0,0,0,1,Advanced
 37.4294,-107.8372,10.0,,"Joel Schiavone, Matthias Holladay",Yo Ho Ho and a Bottle of Rum,5.10b,,1,1,0,1,1,1,0,0,0,0,0,1,0,0,0,0,0,0,0,0,1,0,0,0,0,0,0,0,0,0,1,Intermediate
 37.51721,-107.81582,13.0,,Evan Blare,Bitchez Get Stitchez!,5.13b,,1,1,0,1,1,1,0,0,0,0,0,1,0,0,0,0,0,0,1,0,0,0,0,0,0,0,0,0,0,0,1,Advanced
 37.51721,-107.81582,13.0,,"Evan Blare, Erik Durgin",Bitchez Direct,5.13c,,1,1,0,1,1,1,0,0,0,0,0,1,0,0,0,0,0,0,1,0,0,0,0,0,0,0,0,0,0,0,1,Advanced
 39.4077,-106.6565,11.0,,n/a,Pineapple Thunderpussy (aka Magic Carpet Ride),5.11b/c,,1,1,1,1,1,1,0,0,0,0,0,1,0,0,0,0,0,0,0,1,0,0,0,0,0,0,0,0,0,0,1,Advanced
 39.4058,-106.6547,11.0,,Charmaine Tesina 8/19/2018,One Classy Bitch,5.11a,,1,1,0,1,1,1,0,0,0,0,0,1,0,0,0,0,0,0,1,0,0,0,0,0,0,0,0,0,0,0,1,Advanced
 40.30419,-105.67015,,1.0,Edwin Teran and Kaelen Williams,Rocky Mountain Beaver Fever,,V1,0,1,1,1,1,1,0,0,0,0,0,1,0,0,0,0,0,0,0,1,0,0,0,0,0,0,0,0,0,0,1,Intermediate
 40.25444,-105.61193,5.0,,"Gorrell & Watson, 1935",The Beaver,5.5,,0,1,1,1,1,1,0,0,0,0,0,1,0,0,0,0,0,0,0,1,0,0,0,0,0,0,0,0,0,0,1,Beginner
 39.28089,-111.17648,,5.0,unknown,Bitches Bail,,V5,1,1,0,1,1,1,0,0,0,0,0,1,0,0,0,0,0,0,1,0,0,0,0,0,0,0,0,0,0,0,1,Advanced
 38.08285,-109.56278,10.0,,"Brendan O'Fallon, 2004",Skank on the Hanglow,5.10b/c,,1,1,0,1,1,1,0,0,0,0,0,1,0,0,0,0,0,0,0,0,0,0,0,0,0,0,0,0,0,0,1,Intermediate
 38.0258,-109.54,11.0,,unknown,Octopussy,5.11b,,1,1,1,1,1,1,0,0,0,0,0,1,0,0,0,0,0,0,0,1,0,0,0,0,0,0,0,0,0,0,1,Advanced
 38.0521,-109.5961,10.0,,Karl Kelley,Slut,5.10b/c,,1,1,0,1,1,1,0,0,0,0,0,1,0,0,0,0,0,0,0,0,1,0,0,0,0,0,0,0,0,0,1,Intermediate
 38.0521,-109.5961,10.0,,"Will Foster FA, Second Anika Bach and John Fitzpatrick",Dusty Pussy,5.10b/c,,1,1,1,1,1,1,0,0,0,0,0,1,0,0,0,0,0,0,0,1,0,0,0,0,0,0,0,0,0,0,1,Intermediate
 38.03999,-109.54057,12.0,,Kat Whipple,Grab it by the pussy...I dare you,5.12a,,1,1,1,1,1,1,0,0,0,0,0,1,0,0,0,0,0,0,0,1,0,0,0,0,0,0,0,0,0,0,1,Advanced
 38.09105,-109.56277,11.0,,Jay Smith and Mark Hesse,Pussy Whipped,5.11c/d,,1,1,1,1,1,1,0,0,0,0,0,1,0,0,0,0,0,0,0,1,0,0,0,0,0,0,0,0,0,0,1,Advanced
 38.09105,-109.56277,11.0,,unknown,Pussy Galore,5.11a/b,,1,1,1,1,1,1,0,0,0,0,0,1,0,0,0,0,0,0,0,1,0,0,0,0,0,0,0,0,0,0,1,Advanced
 38.09105,-109.56277,11.0,,unknown,Pussy Cat,5.11b,,1,1,1,1,1,1,0,0,0,0,0,1,0,0,0,0,0,0,0,1,0,0,0,0,0,0,0,0,0,0,1,Advanced
 39.12113,-110.68902,11.0,,Tyler Phillips & Hippie Henry,"I'm Rick James, Bitch",5.11c/d,,1,1,0,1,1,1,0,0,0,0,0,1,0,0,0,0,0,0,1,0,0,0,0,0,0,0,0,0,0,0,1,Advanced
 40.70975,-110.94969,11.0,,"Madison Goodman, Ian Burson",Jan has plastic boobs,5.11a/b,,0,1,1,1,1,1,0,0,0,0,0,1,0,0,0,0,0,0,0,0,0,0,0,0,0,0,0,0,0,0,1,Advanced
 40.6879,-110.9686,9.0,,"Brian Cabe, Patricia Black 02",Gobslutch,5.9,,1,1,0,1,1,1,0,0,0,0,0,1,0,0,0,0,0,0,0,0,1,0,0,0,0,0,0,0,0,0,1,Intermediate
 39.27905,-111.22764,,9.0,Jeff Pedersen,Foxy Whore,,V9,1,1,0,1,1,1,0,0,0,0,0,1,0,0,0,0,0,0,0,0,1,0,0,0,0,0,0,0,0,0,1,Advanced
 38.2843,-111.2477,7.0,,I don't want to know!!!,Pussy Bolt,5.7,,1,1,1,1,1,1,0,0,0,0,0,1,0,0,0,0,0,0,0,1,0,0,0,0,0,0,0,0,0,0,1,Beginner
 37.7642,-110.4881,8.0,,"Jerry Foreman, Dan Millis",The Giant Vagina,5.8/9,,0,1,1,1,1,1,0,0,0,0,0,1,0,0,0,0,0,0,0,1,0,0,0,0,0,0,0,0,0,0,1,Intermediate
 38.54503,-109.65515,12.0,,Charley Graham,Octopussy,5.12a/b,,1,1,1,1,1,1,0,0,0,0,0,1,0,0,0,0,0,0,0,1,0,0,0,0,0,0,0,0,0,0,1,Advanced
 38.6276,-109.4966,10.0,,"Paul and Sandy Bucher, Skyler Penrod",Slip Me A Roofie,5.10a/b,,0,1,0,0,1,1,0,0,0,1,1,1,0,0,0,0,0,0,0,0,0,0,0,0,0,0,0,0,0,0,1,Intermediate
 38.471940000000004,-109.28111,10.0,,K3,Czechoslovakian Vagina,5.10b,,0,1,1,1,1,1,0,0,0,0,0,1,0,0,0,0,0,0,0,1,0,0,0,0,0,0,0,0,0,0,1,Intermediate
 38.58924,-109.69932,12.0,,Tait Rees,The Crack Whore,5.12b,,1,1,0,1,1,1,0,0,0,0,0,1,0,0,0,0,0,0,0,0,1,0,0,0,0,0,0,0,0,0,1,Advanced
 38.6726,-109.3753,7.0,,Tyler Phillips & Robbie Colbert,Slutty Sister,5.7/8,,1,1,0,1,1,1,0,0,0,0,0,1,0,0,0,0,0,0,0,0,1,0,0,0,0,0,0,0,0,0,1,Beginner
 38.6769,-109.41171,11.0,,"Sam Boyce, Mark Bowling",Whore House,5.11a/b,,1,1,0,1,1,1,0,0,0,0,0,1,0,0,0,0,0,0,0,0,1,0,0,0,0,0,0,0,0,0,1,Advanced
 37.64232,-113.29134,9.0,,Bob Draney and G. Wheeler,Carnivorous Bitch,5.9,,1,1,0,1,1,1,0,0,0,0,0,1,0,0,0,0,0,0,1,0,0,0,0,0,0,0,0,0,0,0,1,Intermediate
 37.90394,-112.95057,8.0,,Joey Vanstaveren and Matt Earl,Matt's Bitch,5.8,,1,1,0,1,1,1,0,0,0,0,0,1,0,0,0,0,0,0,1,0,0,0,0,0,0,0,0,0,0,0,1,Intermediate
 37.10106,-113.89944,13.0,,unknown,Pussycat,5.13a,,1,1,1,1,1,1,0,0,0,0,0,1,0,0,0,0,0,0,0,1,0,0,0,0,0,0,0,0,0,0,1,Advanced
 37.61602,-112.93205,10.0,,"Troy Anderson, Todd Stevens, Nate Brown",Searching for Sluts,5.10b/c,,1,1,0,1,1,1,0,0,0,0,0,1,0,0,0,0,0,0,0,0,1,0,0,0,0,0,0,0,0,0,1,Intermediate
 37.19133,-113.64333,10.0,,C. Farr and D. Biniaz,What's New Pussycat?,5.10a,,1,1,1,1,1,1,0,0,0,0,0,1,0,0,0,0,0,0,0,1,0,0,0,0,0,0,0,0,0,0,1,Intermediate
 37.30751,-113.10876,8.0,,unknown,Invagination,5.8,,0,1,1,1,1,1,0,0,0,0,0,1,0,0,0,0,0,0,0,1,0,0,0,0,0,0,0,0,0,0,1,Intermediate
 37.1618,-113.6102,10.0,,"W. Harding, T. Goss",Petting the Pussycat,5.10b,,1,1,1,1,1,1,0,0,0,0,0,1,0,0,0,0,0,0,0,1,0,0,0,0,0,0,0,0,0,0,1,Intermediate
 38.26108,-112.50802,,1.0,Emily Haskins,Dam Beached Beaver,,V1/2,0,1,1,1,1,1,0,0,0,0,0,1,0,0,0,0,0,0,0,1,0,0,0,0,0,0,0,0,0,0,1,Intermediate
 40.5754,-111.7083,8.0,,Luke Douglas & Tyler Phillips 06',PetThePussy,5.8/9,,1,1,1,1,1,1,0,0,0,0,0,1,0,0,0,0,0,0,0,1,0,0,0,0,0,0,0,0,0,0,1,Intermediate
 40.5754,-111.7083,10.0,,Tyler Phillips & Luke Douglas 06',Pentapussy,5.10a/b,,1,1,1,1,1,1,0,0,0,0,0,1,0,0,0,0,0,0,0,1,0,0,0,0,0,0,0,0,0,0,1,Intermediate
 40.5736,-111.7488,10.0,,"Bill Robins, and Skeeter Malinski 1987",Bull Dykes and Biker Ducks,5.10c,,1,1,0,1,1,1,0,0,0,0,0,1,0,1,0,0,0,0,0,0,0,0,0,0,0,0,0,0,0,0,1,Intermediate
 40.59614,-111.6787,,5.0,unknown,Beaver Head,,V5,0,1,1,1,1,1,0,0,0,0,0,1,0,0,0,0,0,0,0,1,0,0,0,0,0,0,0,0,0,0,1,Advanced
 40.57888,-111.67704,,9.0,unknown,Dick Van Dyke to Ping,,V9,1,1,0,1,1,1,0,1,1,1,0,1,0,1,0,0,0,1,0,0,0,0,0,0,0,0,0,0,0,0,1,Advanced
 40.57888,-111.67704,,10.0,unknown,Dick Van Dyke Aller Retour,,V10,1,1,0,1,1,1,0,1,1,1,0,1,0,1,0,0,0,1,0,0,0,0,0,0,0,0,0,0,0,0,1,Advanced
 40.57888,-111.67704,,6.0,unknown,Dick Van Dyke,,V6,1,1,0,1,1,1,0,1,1,1,0,1,0,1,0,0,0,1,0,0,0,0,0,0,0,0,0,0,0,0,1,Advanced
 40.57347,-111.69051,13.0,,Some local crusher?,The Good Bitch AKA Good Listener right exit,5.13b/c,,1,1,0,1,1,1,0,0,0,0,0,1,0,0,0,0,0,0,1,0,0,0,0,0,0,0,0,0,0,0,1,Advanced
 40.2651,-111.6125,11.0,,Mark Allman,Bitch School,5.11b,,1,1,0,1,1,1,0,0,0,0,0,1,0,0,0,0,0,0,1,0,0,0,0,0,0,0,0,0,0,0,1,Advanced
 40.2645,-111.6236,8.0,,Jeff Pedersen,Leave It To Beaver,5.8,,0,1,1,1,1,1,0,0,0,0,0,1,0,0,0,0,0,0,0,1,0,0,0,0,0,0,0,0,0,0,1,Intermediate
 39.3376,-110.7385,,7.0,unknown,8. What's A New Pussycat,,V7,1,1,1,1,1,1,0,0,0,0,0,1,0,0,0,0,0,0,0,1,0,0,0,0,0,0,0,0,0,0,1,Advanced
 40.78374,-112.49044,5.0,,"FA - Phil and Cabe Reynolds, May 2018",Filthy Whore,5.5,,1,1,0,1,1,1,0,0,0,0,0,1,0,0,0,0,0,0,0,0,1,0,0,0,0,0,0,0,0,0,1,Beginner
 39.5632,-111.6908,10.0,,Jared Nielson,Tits on a Buddha,5.10d,,0,1,1,1,1,1,0,0,0,0,0,1,0,0,0,0,0,0,0,0,0,0,0,0,0,0,0,0,0,0,1,Intermediate
 39.56503,-111.6914,12.0,,Bill Boyle,RedBreast,5.12c,,0,1,1,1,1,1,0,0,0,0,0,1,0,0,0,0,0,0,0,0,0,0,0,0,0,0,0,0,0,0,1,Advanced
 39.55839,-111.68761,10.0,,"Jason Stevens, 1997",Gutter Dyke,5.10c,,1,1,0,1,1,1,0,0,0,0,0,1,0,1,0,0,0,0,0,0,0,0,0,0,0,0,0,0,0,0,1,Intermediate
 39.5566,-111.6855,7.0,,Jason Stevens,Canned Beaver,5.7,,0,1,1,1,1,1,0,0,0,0,0,1,0,0,0,0,0,0,0,1,0,0,0,0,0,0,0,0,0,0,1,Beginner
 39.55479,-111.67671,7.0,,Jason Stevens,McBitchin,5.7/8,,1,1,0,1,1,1,0,0,0,0,0,1,0,0,0,0,0,0,1,0,0,0,0,0,0,0,0,0,0,0,1,Beginner
 39.5551,-111.6752,12.0,,Bill Ohran,Bolts Not Bitches,5.12c,,1,1,0,1,1,1,0,0,0,0,0,1,0,0,0,0,0,0,1,0,0,0,0,0,0,0,0,0,0,0,1,Advanced
 39.55794,-111.68912,9.0,,Brent Huff and Jared Nielson,Bitch Tits Right,5.9,,1,1,1,1,1,1,0,0,0,0,0,1,0,0,0,0,0,0,1,0,0,0,0,0,0,0,0,0,0,0,1,Intermediate
 39.55794,-111.68912,9.0,,Brent Huff and Jared Nielson,Bitch Tits Left,5.9,,1,1,1,1,1,1,0,0,0,0,0,1,0,0,0,0,0,0,1,0,0,0,0,0,0,0,0,0,0,0,1,Intermediate
 34.94209,-110.6632,12.0,,Rodney Blakemore 2003,Slab My Bitch Up,5.12b,,1,1,0,1,1,1,0,0,0,0,0,1,0,0,0,0,0,0,1,0,0,0,0,1,0,0,0,0,0,0,1,Advanced
 34.75623,-111.06529,10.0,,Jeff and Dave Sobocan,B.A.M. (Bitchinâ€™ Alternator Madness),5.10c,,1,1,0,1,1,1,0,0,0,0,0,1,0,0,0,0,0,0,1,0,0,0,0,0,0,0,0,0,0,0,1,Intermediate
 33.68665,-111.8089,9.0,,Old School,Leave It To Beaver,5.9,,0,1,1,1,1,1,0,0,0,0,0,1,0,0,0,0,0,0,0,1,0,0,0,0,0,0,0,0,0,0,1,Intermediate
 33.35793,-112.00993,,1.0,Jeremy Cox,Flippin the Bitch,,V1,1,1,0,1,1,1,0,0,0,0,0,1,0,0,0,0,0,0,1,0,0,0,0,0,0,0,0,0,0,0,1,Intermediate
 33.68234,-112.04284,7.0,,Bob Blair/Andy Linker 3/1985,Naked Bimbos from Mars,5.7,,1,1,0,1,1,1,0,0,0,0,0,1,0,0,0,0,0,0,0,0,0,0,0,0,0,0,0,0,0,0,1,Beginner
 33.78654,-111.80414,9.0,,Lary Braten and Rich Shoup 11/87,Bitches' Itch,5.9,,1,1,0,1,1,1,0,0,0,0,0,1,0,0,0,0,0,0,1,0,0,0,0,0,0,0,0,0,0,0,1,Intermediate
 34.9318,-111.73386,10.0,,Jason Keith,"Smoke Big Doobs, Suck Big Boobs",5.10c/d,,0,1,1,1,1,1,0,0,0,1,1,1,0,0,0,0,0,0,0,0,0,0,0,0,0,0,0,0,0,0,1,Intermediate
 35.1194,-111.93495,10.0,,"Casey Niggemyer, Eric Deschamps",Resting Bitch Face,5.10d,,1,1,0,1,1,1,0,0,0,0,0,1,0,0,0,0,0,0,1,0,0,0,0,0,0,0,0,0,0,0,1,Intermediate
 35.1381,-112.0282,8.0,,unknown,Papooshka the Russian Slut,5.8,,1,1,0,1,1,1,0,0,0,0,0,1,0,0,0,0,0,0,0,0,1,0,0,0,0,0,0,0,0,0,1,Intermediate
 36.92091,-113.85698,12.0,,Clay Cahoon et al.,Fillmore Virgin Beaver,5.12b,,1,1,1,1,1,1,0,0,0,1,1,1,0,0,0,0,0,0,0,1,0,1,0,0,0,0,0,0,0,0,1,Advanced
 35.08202,-111.59841,,3.0,unknown,Man Tits,,V3/4,0,1,1,1,1,1,0,0,0,0,0,1,0,0,0,0,0,0,0,0,0,0,0,0,0,0,0,0,0,0,1,Advanced
 35.08201,-111.6004,,4.0,unknown,Bitch Boy,,V4,1,1,0,1,1,1,0,0,0,0,0,1,0,0,0,0,0,0,1,0,0,0,0,0,0,0,0,0,0,0,1,Advanced
 35.0819,-111.601,,8.0,Matt Hoch,Saltine Crackwhore,,V8,1,1,0,1,1,1,0,0,0,0,0,1,0,0,0,0,0,0,0,0,1,0,0,0,0,0,0,0,0,0,1,Advanced
 32.36748,-110.7184,13.0,,"FFA: Hidetaka Suzuki, Ray Ringle 1986",Golden Beaver Left,5.13b,,0,1,1,1,1,1,0,0,0,0,0,1,0,0,0,0,0,0,0,1,0,0,0,0,0,0,0,0,0,0,1,Advanced
 32.36748,-110.7184,12.0,,M. Axen right FA in 1971 (aid)   M. Axen & D. Baker left FA in 1973(aid)   B. Murray FFA via TR 1983   H. Suzuki lead 1986,Golden Beaver,5.12c,,0,1,1,1,1,1,0,0,0,0,0,1,0,0,0,0,0,0,0,1,0,0,0,0,0,0,0,0,0,0,1,Advanced
 32.36748,-110.7184,12.0,,"Scott Ayers, Steve Schneider",Easy on the Beaver,5.12b,,0,1,1,1,1,1,0,0,0,0,0,1,0,0,0,0,0,0,0,1,0,0,0,0,0,0,0,0,0,0,1,Advanced
 32.36837,-110.71715,11.0,,"JSt, DBr, '99",Don't Tease the Beaver,5.11b/c,,0,1,1,1,1,1,0,0,0,0,0,1,0,0,0,0,0,0,0,1,0,0,0,0,0,0,0,0,0,0,1,Advanced
 32.36837,-110.71715,11.0,,"SA,Jay Ladin,'88",Beaver Fever,5.11b/c,,0,1,1,1,1,1,0,0,0,0,0,1,0,0,0,0,0,0,0,1,0,0,0,0,0,0,0,0,0,0,1,Advanced
 32.43194,-110.77684,8.0,,"Patrick Cicero (roped solo,  11/2007)",Wynona's Big Brown Beaver,5.8/9,,0,1,1,1,1,1,0,0,0,0,0,1,0,0,0,0,0,0,0,1,0,0,0,0,0,0,0,0,0,0,1,Intermediate
 32.43039,-110.77309,,5.0,Stev Spooner,Wide Open Beaver Trainer,,V5,0,1,1,1,1,1,0,0,0,0,0,1,0,0,0,0,0,0,0,1,0,0,0,0,0,0,0,0,0,0,1,Advanced
 31.8752,-110.0147,11.0,,"Angel, Daryl, and  Angelina",Bitching Old Man,5.11a,,1,1,0,1,1,1,0,0,0,0,0,1,0,0,0,0,0,0,1,0,0,0,0,0,0,0,0,0,0,0,1,Advanced
 32.42506,-110.75318,,5.0,Matt Fowls,Shaky Bitch Stand,,V5/6,1,1,0,1,1,1,0,0,0,0,0,1,0,0,0,0,0,0,1,0,0,0,0,0,0,0,0,0,0,0,1,Advanced
 32.42506,-110.75318,,10.0,Matt Fowls,Shaky Bitch Low,,V10,1,1,0,1,1,1,0,0,0,0,0,1,0,0,0,0,0,0,1,0,0,0,0,0,0,0,0,0,0,0,1,Advanced
 33.277590000000004,-111.02824,8.0,,Mark Trainor,Pussy Whipper,5.8,,1,1,1,1,1,1,0,0,0,0,0,1,0,0,0,0,0,0,0,1,0,0,0,0,0,0,0,0,0,0,1,Intermediate
 34.21851,-111.26871,8.0,,"Clay Lippincott, Robb Blanchard, David Jacobs 4/10/17",Pancake Butt Dumpster Slut,5.8,,1,1,0,1,1,1,0,0,0,0,0,1,0,0,0,0,0,0,0,0,1,0,0,0,0,0,0,0,0,0,1,Intermediate
 33.17644,-110.77895,11.0,,"SA, SJ, LA, AZ, January 1, 2011",Easy Skankin',5.11a,,1,1,0,1,1,1,0,0,0,0,0,1,0,0,0,0,0,0,0,0,0,0,0,0,0,0,0,0,0,0,1,Advanced
 34.36096,-111.45015,9.0,,Mark Geikenjoyner,Vagina Envy,5.8/9,,0,1,1,1,1,1,0,0,0,0,0,1,0,0,0,0,0,0,0,1,0,0,0,0,0,0,0,0,0,0,1,Intermediate
 34.53933,-112.44944,,4.0,unknown,Did You See The Tits on That Chick,,V4/5,0,1,1,1,1,1,0,0,0,0,0,1,0,0,0,0,0,0,0,0,0,0,0,0,0,0,0,0,0,0,1,Advanced
 34.46863,-112.43852,,6.0,unknown,Pussy Lip Sit Start,,V6,1,1,1,1,1,1,0,0,0,0,0,1,0,0,0,0,0,0,0,1,0,0,0,0,0,0,0,0,0,0,1,Advanced
 34.46863,-112.43852,,4.0,unknown,Pussy Lip,,V4,1,1,1,1,1,1,0,0,0,0,0,1,0,0,0,0,0,0,0,1,0,0,0,0,0,0,0,0,0,0,1,Advanced
 34.62669,-112.55409,10.0,,unknown,Cat's PJ's-Said and Done-Reunion-Beaver Cleaver (The Other Hot-Line),5.10a,,0,1,1,1,1,1,0,0,0,0,0,1,0,0,0,0,0,0,0,1,0,0,0,0,0,0,0,0,0,0,1,Intermediate
 34.62908,-112.56665,9.0,,"FA: David Lovejoy, Jack Hauck, Jonathan Bjorkland, Oct. 1970  FFA Karl Karlstrom, David Lovejoy, Scott Baxter, May 1971",Magnolia Thunderpussy,5.9,,1,1,1,1,1,1,0,0,0,0,0,1,0,0,0,0,0,0,0,1,0,0,0,0,0,0,0,0,0,0,1,Intermediate
 34.62908,-112.56665,8.0,,"L Treiber, J Byrd  1972",Beaver Cleaver,5.8/9,,0,1,1,1,1,1,0,0,0,0,0,1,0,0,0,0,0,0,0,1,0,0,0,0,0,0,0,0,0,0,1,Intermediate
 42.60216,-114.42856,10.0,,"Tony Roberts, 2017",Presidential Pussygrabber,5.10a,,1,1,1,1,1,1,0,0,0,0,0,1,0,0,0,0,0,0,0,1,0,0,0,0,0,0,0,0,0,0,1,Intermediate
 43.53249,-111.70104,9.0,,unknown,Bitchin' Widget,5.9,,1,1,0,1,1,1,0,0,0,0,0,1,0,0,0,0,0,0,1,0,0,0,0,0,0,0,0,0,0,0,1,Intermediate
 42.67332,-113.0016,10.0,,"Mike Engle and Chris Barnes, 2013",Bitch Slap,5.10a,,1,1,0,1,1,1,0,0,0,0,0,1,0,0,0,0,0,0,1,0,0,0,0,0,0,0,0,0,0,0,1,Intermediate
 42.68037,-113.01051,12.0,,unknown,Nothing But A Two Bit Whore,5.12c,,1,1,0,1,1,1,0,0,0,0,0,1,0,0,0,0,0,0,0,0,1,0,0,0,0,0,0,0,0,0,1,Advanced
 47.26954,-116.59751,8.0,,"Keaton Buell, May 2019",Pussy Crack,5.8,,1,1,1,1,1,1,0,0,0,0,0,1,0,0,0,0,0,0,0,1,0,0,0,0,0,0,0,0,0,0,1,Intermediate
 42.06539,-113.70937,10.0,,Dave Bingham and  Chris Filer  1984,Ruby and the Dykes,5.10a,,1,1,0,1,1,1,0,0,0,0,0,1,0,1,0,0,0,0,0,0,0,0,0,0,0,0,0,0,0,0,1,Intermediate
 42.08612,-113.72944,4.0,,Jay Goodwin,Dykes on Harleys,5.4,,1,1,0,1,1,1,0,0,0,0,0,1,0,1,0,0,0,0,0,0,0,0,0,0,0,0,0,0,0,0,1,Beginner
 42.08612,-113.72944,11.0,,"Jeff Rhodes, 1990",Dimples and Tits,5.11a,,0,1,1,1,1,1,0,0,0,0,0,1,0,0,0,0,0,0,0,0,0,0,0,0,0,0,0,0,0,0,1,Advanced
 45.383,-116.45447,12.0,,Tedd Thompson,Bitch Magnet,5.12a,,1,1,0,1,1,1,0,0,0,0,0,1,0,0,0,0,0,0,1,0,0,0,0,0,0,0,0,0,0,0,1,Advanced
 44.26307,-114.44015,8.0,,"Tim ball, jodie hamilton",Two bit whore,5.8/9,,1,1,0,1,1,1,0,0,0,0,0,1,0,0,0,0,0,0,0,0,1,0,0,0,0,0,0,0,0,0,1,Intermediate
 47.0053,-114.5682,10.0,,John Philip Goan lll,Abe's a Bitch,5.10c/d,,1,1,0,1,1,1,0,0,0,0,0,1,0,0,0,0,0,0,1,0,0,0,0,0,0,0,0,0,0,0,1,Intermediate
 45.55028,-110.20327,13.0,,Jon Scott,Frankenwhore,5.13b/c,,1,1,0,1,1,1,0,0,0,0,0,1,0,0,0,0,0,0,0,0,1,0,0,0,0,0,0,0,0,0,1,Advanced
 45.8033,-108.58840000000001,11.0,,unknown,Faster Pussycat,5.11a/b,,1,1,1,1,1,1,0,0,0,0,0,1,0,0,0,0,0,0,0,1,0,0,0,0,0,0,0,0,0,0,1,Advanced
 45.41837,-111.23099,9.0,,"Jim Kanzler, Doug Randall, 1977",Pineapple Thunderpussy,5.9,,1,1,1,1,1,1,0,0,0,0,0,1,0,0,0,0,0,0,0,1,0,0,0,0,0,0,0,0,0,0,1,Intermediate
 45.41152,-111.22577,10.0,,Preston & Worsham,Trojan Whores,5.10b,,1,1,0,1,1,1,0,0,0,0,0,1,0,0,0,0,0,0,0,0,1,0,0,0,0,0,0,0,0,0,1,Intermediate
 45.4526,-111.2342,10.0,,unknown,Bitch Slap,5.10b,,1,1,0,1,1,1,0,0,0,0,0,1,0,0,0,0,0,0,1,0,0,0,0,0,0,0,0,0,0,0,1,Intermediate
 46.79128,-111.87088,11.0,,,Beaver Fever,5.11b,,0,1,1,1,1,1,0,0,0,0,0,1,0,0,0,0,0,0,0,1,0,0,0,0,0,0,0,0,0,0,1,Advanced
 48.76136,-115.28792,10.0,,JA,Roofies,5.10c/d,,0,1,0,0,1,1,0,0,0,1,1,1,0,0,0,0,0,0,0,0,0,0,0,0,0,0,0,0,0,0,1,Intermediate
 35.85398,-106.36626,,5.0,Owen Summerscales and Luke Laeser,Bushtits,,V5,0,1,1,1,1,1,0,0,0,0,0,1,0,0,0,0,0,0,0,0,0,0,0,0,0,0,0,0,0,0,1,Advanced
 32.3669,-106.5755,11.0,,"Wes Thompson, Charlie Cundiff, Sophie Evitt, Aaron Hobson",King Slut,5.11b/c,,1,1,0,1,1,1,0,0,0,0,0,1,0,0,0,0,0,0,0,0,1,0,0,0,0,0,0,0,0,0,1,Advanced
 32.32967,-106.54819,,2.0,unknown,Bitch Slapped,,V0/1,1,1,0,1,1,1,0,0,0,0,0,1,0,0,0,0,0,0,1,0,0,0,0,0,0,0,0,0,0,0,1,Intermediate
 33.25305,-108.87661,,3.0,Stev Spooner,Sentient Bitch Van,,V3,1,1,0,1,1,1,0,0,0,0,0,1,0,0,0,0,0,0,1,0,0,0,0,0,0,0,0,0,0,0,1,Advanced
 35.7023,-105.6863,11.0,,"Wezwick, Kiser, Kessler, Thomas, Hautenbach, or Pletta",Bitch Slapped,5.11b/c,,1,1,0,1,1,1,0,0,0,0,0,1,0,0,0,0,0,0,1,0,0,0,0,0,0,0,0,0,0,0,1,Advanced
 35.2347,-106.406,8.0,,"Bryan Pletta, Mark Thomas",Pussy Whipped,5.8/9,,1,1,1,1,1,1,0,0,0,0,0,1,0,0,0,0,0,0,0,1,0,0,0,0,0,0,0,0,0,0,1,Intermediate
 35.20714,-106.45209,11.0,,"Peter Prandoni and Ron Beauchamp, Sept. 1981",Bitch's Brew,5.11a/b,,1,1,0,1,1,1,0,0,0,0,0,1,0,0,0,0,0,0,1,0,0,0,0,0,0,0,0,0,0,0,1,Advanced
 35.20614,-106.45076,8.0,,"Karl Kiser & Tina Nenoff, Summer 2010",Gutter Slut,5.8/9,,1,1,0,1,1,1,0,0,0,0,0,1,0,0,0,0,0,0,0,0,1,0,0,0,0,0,0,0,0,0,1,Intermediate
 33.9839,-106.987,,2.0,"Eric ""Peck"" Heatwole",Bitch Tits,,V0/1,1,1,1,1,1,1,0,0,0,0,0,1,0,0,0,0,0,0,1,0,0,0,0,0,0,0,0,0,0,0,1,Intermediate
 36.3642,-105.7269,12.0,,Mike Howard & Bob D'Antonio,Bitch Slapped,5.12a/b,,1,1,0,1,1,1,0,0,0,0,0,1,0,0,0,0,0,0,1,0,0,0,0,0,0,0,0,0,0,0,1,Advanced
 36.5332,-105.7016,12.0,,,Life's Just Bitchn',5.12b/c,,1,1,0,1,1,1,0,0,0,0,0,1,0,0,0,0,0,0,1,0,0,0,0,0,0,0,0,0,0,0,1,Advanced
 35.73759,-106.61764,,4.0,kinchen packer,Halloween Whore Show,,V4,1,1,0,1,1,1,0,0,0,0,0,1,0,0,0,0,0,0,0,0,1,0,0,0,0,0,0,0,0,0,1,Advanced
 35.8207,-106.5167,8.0,,Scott Beguin and Miguel Hoffman,Titty Time Bomb,5.8,,0,1,1,1,1,1,0,0,0,0,0,1,0,0,0,0,0,0,0,0,0,0,0,0,0,0,0,0,0,0,1,Intermediate
 36.01713,-115.46286,6.0,,25 April 2007  Penny Farthing & Mick Cooke,"Boobs, Bikes & Beer",5.6,,0,1,1,1,1,1,0,0,0,0,0,1,0,0,0,0,0,0,0,0,0,0,0,0,0,0,0,0,0,0,1,Beginner
 36.12025,-115.49478,6.0,,"Dustin Hoover, Chelsea Liddell, Jim Mercer. March 29 2015",Pooty Tits,5.6,,0,1,1,1,1,1,0,0,0,0,0,1,0,0,0,0,0,0,0,0,0,0,0,0,0,0,0,0,0,0,1,Beginner
 36.16406,-115.44932,10.0,,Larry Moore,Octopussy,5.10c,,1,1,1,1,1,1,0,0,0,0,0,1,0,0,0,0,0,0,0,1,0,0,0,0,0,0,0,0,0,0,1,Intermediate
 36.16234,-115.4495,13.0,,"Dan McQuade, January 1993",Monster Skank,5.13b,,1,1,0,1,1,1,0,0,0,0,0,1,0,0,0,0,0,0,0,0,0,0,0,0,0,0,0,0,0,0,1,Advanced
 36.1607,-115.44627,11.0,,Leo and Karin Henson 1996,Scantily Clad Bimbo,5.11a,,1,1,0,1,1,1,0,0,0,0,0,1,0,0,0,0,0,0,0,0,0,0,0,0,0,0,0,0,0,0,1,Advanced
 36.15925,-115.5009,7.0,,"Dustin Hoover, Chris Brunner. September 2011.",Pussy Nuts,5.7,,1,1,1,1,1,1,0,0,0,0,0,1,0,0,0,0,0,0,0,1,0,0,0,0,0,0,0,0,0,0,1,Beginner
 36.14742,-115.4295,10.0,,"Rick Shull, Tim Fearn & Chris Miller, February 1988",Pleasure Dog (aka It's a Bitch),5.10b,,1,1,0,1,1,1,0,0,0,0,0,1,0,0,0,0,0,0,1,0,0,0,0,0,0,0,0,0,0,0,1,Intermediate
 36.16251,-115.41284,,9.0,unknown,Bitch Slap 5,,V9,1,1,0,1,1,1,0,0,0,0,0,1,0,0,0,0,0,0,1,0,0,0,0,0,0,0,0,0,0,0,1,Advanced
 36.1596,-115.4168,,2.0,"Wendell Broussard, 1980s",The Black Bitch,,V2,1,1,0,1,1,1,0,0,0,0,0,1,0,0,0,0,0,0,1,0,0,0,0,0,0,0,0,0,0,0,1,Intermediate
 36.15498,-115.4358,10.0,,Pier and Randy Marsh 1992,Titty Litter,5.10d,,0,1,1,1,1,1,0,0,0,0,0,1,0,0,0,0,0,0,0,0,0,0,0,0,0,0,0,0,0,0,1,Intermediate
 35.65105,-114.84571,8.0,,"Dan Briley, Mark Quinn",Dyke Stretcher,5.8,,1,1,0,1,1,1,0,0,0,0,0,1,0,1,0,0,0,0,0,0,0,0,0,0,0,0,0,0,0,0,1,Intermediate
 35.71014,-114.92325,8.0,,"Joel Adams, Adam Peirce",Wicked Scorpion Bitch,5.8,,1,1,0,1,1,1,0,0,0,0,0,1,0,0,0,0,0,0,1,0,0,0,0,0,0,0,0,0,0,0,1,Intermediate
 41.258,-106.4126,11.0,,"Horning, Archer",Bitch Muscle direct,5.11b,,1,1,0,1,1,1,0,0,0,0,0,1,0,0,0,0,0,0,1,0,0,0,0,0,0,0,0,0,0,0,1,Advanced
 41.258,-106.4126,10.0,,"Horning, Lynn",Bitch Muscle,5.10c,,1,1,0,1,1,1,0,0,0,0,0,1,0,0,0,0,0,0,1,0,0,0,0,0,0,0,0,0,0,0,1,Intermediate
 44.13974,-107.25794,11.0,,unknown,Pussy Control,5.11a,,1,1,1,1,1,1,0,0,0,0,0,1,0,0,0,0,0,0,0,1,0,0,0,0,0,0,0,0,0,0,1,Advanced
 44.09938,-107.28795,12.0,,unknown,Why You Gotta Be a Bitch?,5.12a,,1,1,0,1,1,1,0,0,0,0,0,1,0,0,0,0,0,0,1,0,0,0,0,0,0,0,0,0,0,0,1,Advanced
 44.13293,-107.25738,10.0,,"MD, 2001",Itty Bitty Titty Comittee,5.10d,,0,1,1,1,1,1,0,0,0,0,0,1,0,0,0,0,0,0,0,0,0,0,0,0,0,0,0,0,0,0,1,Intermediate
 44.147,-107.25786,12.0,,Alli Rainey,Pussytoes,5.12d,,1,1,1,1,1,1,0,0,0,0,0,1,0,0,0,0,0,0,0,1,0,0,0,0,0,0,0,0,0,0,1,Advanced
 44.0961,-107.2924,10.0,,Mike Decker,Bitch Eyes,5.10b/c,,1,1,0,1,1,1,0,0,0,0,0,1,0,0,0,0,0,0,1,0,0,0,0,0,0,0,0,0,0,0,1,Intermediate
 44.13864,-107.245,13.0,,Equipped by Mike Snyder 2015 FA Jonathan Horst 2016,Sayonara Bitch!,5.13d,,1,1,0,1,1,1,0,0,0,0,0,1,0,0,0,0,0,0,1,0,0,0,0,0,0,0,0,0,0,0,1,Advanced
 41.17325,-105.37667,11.0,,unknown,The Slut,5.11a/b,,1,1,0,1,1,1,0,0,0,0,0,1,0,0,0,0,0,0,0,0,1,0,0,0,0,0,0,0,0,0,1,Advanced
 41.17639,-105.34788,11.0,,unknown,Pussy Cat's Hot Licks,5.11c/d,,1,1,1,1,1,1,0,0,0,0,0,1,0,0,0,0,0,0,0,1,0,0,0,0,0,0,0,0,0,0,1,Advanced
 41.15478,-105.37467,7.0,,unknown,Slut,5.7,,1,1,0,1,1,1,0,0,0,0,0,1,0,0,0,0,0,0,0,0,1,0,0,0,0,0,0,0,0,0,1,Beginner
 41.1632,-105.37104,,3.0,Bob Scarpelli,The Biggest Tits in Country Music,,V3,0,1,1,1,1,1,0,0,0,0,0,1,0,0,0,0,0,0,0,0,0,0,0,0,0,0,0,0,0,0,1,Advanced
 41.18484,-105.37826,5.0,,"16 Sept 2014,  Ben Boykin/Robert Kelman",The Beaver,5.5,,0,1,1,1,1,1,0,0,0,0,0,1,0,0,0,0,0,0,0,1,0,0,0,0,0,0,0,0,0,0,1,Beginner
 41.2276,-105.4071,11.0,,"Orenczak, Lymn, & Horning, 2003",Bitch Therapy,5.11b,,1,1,0,1,1,1,0,0,0,0,0,1,0,0,0,0,0,0,1,0,0,0,0,0,0,0,0,0,0,0,1,Advanced
 41.96419,-105.3702,9.0,,"Dennis Horning, Rachel Lynn & Zach Orenczak 2005",Lippy Dyke 5.11a,5.9+,,1,1,0,1,1,1,0,0,0,0,0,1,0,1,0,0,0,0,0,0,0,0,0,0,0,0,0,0,0,0,1,Intermediate
 42.9134,-109.846,,3.0,Conor Raney,While The Bitches Are Away,,V3,1,1,0,1,1,1,0,0,0,0,0,1,0,0,0,0,0,0,1,0,0,0,0,0,0,0,0,0,0,0,1,Advanced
 42.7436,-106.3154,,0.0,Murda Murt,French Whore,,V0,1,1,0,1,1,1,0,0,0,0,0,1,0,0,0,0,0,0,0,0,1,0,0,0,0,0,0,0,0,0,1,Intermediate
 42.5925,-108.7434,12.0,,Sam Lightner,Whore's Gold,5.12a,,1,1,0,1,1,1,0,0,0,0,0,1,0,0,0,0,0,0,0,0,1,0,0,0,0,0,0,0,0,0,1,Advanced
 44.50815,-109.17734,8.0,,Bobby Model,Bitch With A Broomstick,5.8,,1,1,0,1,1,1,0,0,0,0,0,1,0,0,0,0,0,0,1,0,0,0,0,0,0,0,0,0,0,0,1,Intermediate
 44.51309,-109.15686,10.0,,"Monte Madsen, Kirt Cozzens, mid 80s",I Like Big Tits,5.10b,,0,1,1,1,1,1,0,0,0,0,0,1,0,0,0,0,0,0,0,0,0,0,0,0,0,0,0,0,0,0,1,Intermediate
 42.7403,-108.84254,8.0,,Dr. Jowls,Beaver Moon,5.8,,0,1,1,1,1,1,0,0,0,0,0,1,0,0,0,0,0,0,0,1,0,0,0,0,0,0,0,0,0,0,1,Intermediate
 42.7281,-108.85922,,4.0,Angus McLeod,Bob's Your Stick Bitch,,V4,1,1,0,1,1,1,0,0,0,0,0,1,0,0,0,0,0,0,1,0,0,0,0,0,0,0,0,0,0,0,1,Advanced
 42.73975,-108.85344,7.0,,March 2012  Bob Branscomb/Mark Watkins,Hi Ho Silver Away,5.7,,1,1,0,1,1,1,0,0,0,0,0,1,0,0,0,0,0,0,0,0,1,0,0,0,0,0,0,0,0,0,1,Beginner
 41.26969,-72.73668,,9.0,cd,These Bitches is Lightweight,,V9,1,1,0,1,1,1,0,0,0,0,0,1,0,0,0,0,0,0,1,0,0,0,0,0,0,0,0,0,0,0,1,Advanced
 41.36253,-72.97715,,5.0,czd,Elegant Bitches,,V5,1,1,0,1,1,1,0,0,0,0,0,1,0,0,0,0,0,0,1,0,0,0,0,0,0,0,0,0,0,0,1,Advanced
 41.34235,-73.40538,,2.0,Morgan Patterson,Easy Skanking,,V2/3,1,1,0,1,1,1,0,0,0,0,0,1,0,0,0,0,0,0,0,0,0,0,0,0,0,0,0,0,0,0,1,Intermediate
 42.70494,-71.7108,,4.0,Daniel Knisell,Harry Potter and the Audacity of this Bitch,,V4,1,1,0,1,1,1,0,0,0,0,0,1,0,0,0,0,0,0,1,0,0,0,0,0,0,0,0,0,0,0,1,Advanced
 42.40862,-71.1218,8.0,,unknown,Van Dyke,5.8,,1,1,0,1,1,1,0,0,0,0,0,1,0,1,0,0,0,0,0,0,0,0,0,0,0,0,0,0,0,0,1,Intermediate
 42.49079,-70.98626,,0.0,Andy Scott,Easy Skanking,,V0,1,1,0,1,1,1,0,0,0,0,0,1,0,0,0,0,0,0,0,0,0,0,0,0,0,0,0,0,0,0,1,Intermediate
 42.63082,-70.72555,,2.0,unknown,Beaver Flake,,V2,0,1,1,1,1,1,0,0,0,0,0,1,0,0,0,0,0,0,0,1,0,0,0,0,0,0,0,0,0,1,1,Intermediate
 42.61857,-70.72481,,2.0,unknown,Upper Pussy Lip,,V2,1,1,1,1,1,1,0,0,0,0,0,1,0,0,0,0,0,0,0,1,0,0,0,0,0,0,0,0,0,0,1,Intermediate
 42.6188,-70.6668,,3.0,unknown,Gung Ho Arete,,V3,1,1,0,1,1,1,0,0,0,0,0,1,0,0,0,0,0,0,0,0,1,0,1,0,0,0,0,0,0,0,1,Advanced
 42.64003,-70.7157,,5.0,unknown,Beaver Deceiver,,V5,0,1,1,1,1,1,0,0,0,0,0,1,0,0,0,0,0,0,0,1,0,0,0,0,0,0,0,0,0,0,1,Advanced
 42.46729,-70.99508,,4.0,Pete Otis,Man Boobs,,V4,0,1,1,1,1,1,0,0,0,0,0,1,0,0,0,0,0,0,0,0,0,0,0,0,0,0,0,0,0,0,1,Advanced
 42.50997,-71.02564,,3.0,Bob Parrot,Phoney Boobs,,V3,0,1,1,1,1,1,0,0,0,0,0,1,0,0,0,0,0,0,0,0,0,0,0,0,0,0,0,0,0,0,1,Advanced
 42.49727,-70.97562,,4.0,Pete Otis,Bitching Arete,,V4/5,1,1,0,1,1,1,0,0,0,0,0,1,0,0,0,0,0,0,1,0,0,0,1,0,0,0,0,0,0,0,1,Advanced
 42.49412,-70.93623,,3.0,unknown,Sliced Oven Roasted Turkey Breast,,V3,0,1,1,1,1,1,0,0,0,0,0,1,0,0,0,0,0,0,0,0,0,0,0,0,0,0,0,0,0,0,1,Advanced
 42.6105,-72.4711,10.0,,"Alan Bressler, 1976 (TR)",Widowmaker (aka Leave it to Beaver),5.10c/d,,0,1,1,1,1,1,0,0,0,0,0,1,0,0,0,0,0,0,0,1,0,0,0,0,0,0,0,0,0,0,1,Intermediate
 44.47019,-71.06903,12.0,,Jonathan Garlough,Roofies,5.12b,,0,1,0,0,1,1,0,0,0,1,1,1,0,0,0,0,0,0,0,0,0,0,0,0,0,0,0,0,0,0,1,Advanced
 43.4345,-71.169,10.0,,Bald and Friend,Howl Skank,5.10b/c,,1,1,0,1,1,1,0,0,0,0,0,1,0,0,0,0,0,0,0,0,0,0,0,0,0,0,0,0,0,0,1,Intermediate
 43.4345,-71.169,10.0,,unknown,Dyke Route,5.10b/c,,1,1,0,1,1,1,0,0,0,0,0,1,0,1,0,0,0,0,0,0,0,0,0,0,0,0,0,0,0,0,1,Intermediate
 43.51347,-71.17278,7.0,,Garlough / Dickson,Booklet of Boobs,5.7,,0,1,1,1,1,1,0,0,0,0,0,1,0,0,0,0,0,0,0,0,0,0,0,0,0,0,0,0,0,0,1,Beginner
 42.77816,-71.68837,,1.0,Ryan Loiselle,Beaver Spotting,,V1,0,1,1,1,1,1,0,0,0,0,0,1,0,0,0,0,0,0,0,1,0,0,0,0,0,0,0,0,0,0,1,Intermediate
 42.7333,-71.6216,,2.0,Dan Knisell,Nice Beaver,,V2/3,0,1,1,1,1,1,0,0,0,0,0,1,0,0,0,0,0,0,0,1,0,0,0,0,0,0,0,0,0,0,1,Intermediate
 42.7333,-71.6216,,4.0,Dan Knisell,Evil Beaver,,V4/5,0,1,1,1,1,1,0,0,0,0,0,1,0,0,0,0,0,0,0,1,0,0,0,0,0,0,0,0,0,0,1,Advanced
 42.7333,-71.6216,,0.0,Dan Knisell,Beaver Lip,,V0,0,1,1,1,1,1,0,0,0,0,0,1,0,0,0,0,0,0,0,1,0,0,0,0,0,0,0,0,0,0,1,Intermediate
 42.7333,-71.6216,,1.0,unknown,Beaver Crack,,V1,0,1,1,1,1,1,0,0,0,0,0,1,0,0,0,0,0,0,0,1,0,0,0,0,0,0,0,0,0,0,1,Intermediate
 42.7333,-71.6216,,1.0,unknown,Angry Beaver,,V1,0,1,1,1,1,1,0,0,0,0,0,1,0,0,0,0,0,0,0,1,0,0,0,0,0,0,0,0,0,0,1,Intermediate
 43.11421,-71.17365,,9.0,Gavin Galloway,Brick James bitch,,V9/10,1,1,0,1,1,1,0,0,0,0,0,1,0,0,0,0,0,0,1,0,0,0,0,0,0,0,0,0,0,0,1,Advanced
 43.11601,-71.17689,,10.0,Jake List?,Gator Pussy,,V10,1,1,1,1,1,1,0,0,0,0,0,1,0,0,0,0,0,0,0,1,0,0,0,0,0,0,0,0,0,0,1,Advanced
 43.12219,-71.18665,,8.0,Ben Fuller,Leave It to Beaver,,V8,0,1,1,1,1,1,0,0,0,0,0,1,0,0,0,0,0,0,0,1,0,0,0,0,0,0,0,0,0,0,1,Advanced
 43.1167,-71.1774,,0.0,unknown,Beavers Shoot from the Hip,,V0,0,1,1,1,1,1,0,0,0,0,0,1,0,0,0,0,0,0,0,1,0,0,0,0,0,0,0,0,0,0,1,Intermediate
 43.1167,-71.1774,,0.0,unknown,Beavers Attack From Above,,V0,0,1,1,1,1,1,0,0,0,0,0,1,0,0,0,0,0,0,0,1,0,0,0,0,0,0,0,0,0,0,1,Intermediate
 43.10969,-71.15273,,3.0,unknown,"""Skink, Skank, Skunk""",,V3/4,1,1,0,1,1,1,0,0,0,0,0,1,0,0,0,0,0,0,0,0,0,0,0,0,0,0,0,0,0,0,1,Advanced
 43.1094,-71.1506,,7.0,unknown,Gran Torino (aka The Bitch),,V7,1,1,0,1,1,1,0,0,0,0,0,1,0,0,0,0,0,0,1,0,0,0,0,0,0,0,0,0,0,0,1,Advanced
 43.80518,-71.84285,9.0,,Ed Esmond 6/99,Pussyfoot,5.9,,1,1,1,1,1,1,0,0,0,0,0,1,0,0,0,0,0,0,0,1,0,0,0,0,0,0,0,0,0,0,1,Intermediate
 43.80202,-71.83678,6.0,,"various, Fletcher  8/85",Brendan's Bitches,5.6,,1,1,0,1,1,1,0,0,0,0,0,1,0,0,0,0,0,0,1,0,0,0,0,0,0,0,0,0,0,0,1,Beginner
 44.05256,-71.16711,11.0,,variation to revolt/reighn of fire,Reign of Dykes,5.11a/b,,1,1,0,1,1,1,0,0,0,0,0,1,0,1,0,0,0,0,0,0,0,0,0,0,0,0,0,0,0,0,1,Advanced
 43.80342,-71.84073,,2.0,,Eager Beaver,,V2/3,0,1,1,1,1,1,0,0,0,0,0,1,0,0,0,0,0,0,0,1,0,0,0,0,0,0,0,0,0,0,1,Intermediate
 44.005,-71.2393,11.0,,Chris Gill and Andy Ross,Tits Out for the Lads,5.11b,,0,1,1,1,1,1,0,0,0,0,0,1,0,0,0,0,0,0,0,0,0,0,0,0,0,0,0,0,0,0,1,Advanced
 42.022,-78.5619,,2.0,Jackson Baker,Beaver Face,,V2/3,0,1,1,1,1,1,0,0,0,0,0,1,0,0,0,0,0,0,0,1,0,0,0,0,0,0,0,0,0,0,1,Intermediate
 43.5378,-73.9677,5.0,,December 2015,Leaver Your Beaver,5.5,,0,1,1,1,1,1,0,0,0,0,0,1,0,0,0,0,0,0,0,1,0,0,0,0,0,0,0,0,0,0,1,Beginner
 43.26952,-74.56835,10.0,,unknown,Wally Your Finger Smells Like The Beaver,5.10a,,0,1,1,1,1,1,0,0,0,0,0,1,0,0,0,0,0,0,0,1,0,0,0,0,0,0,0,0,0,0,1,Intermediate
 43.19439,-74.54234,,2.0,unknown,Leave it to Beaver,,V2,0,1,1,1,1,1,0,0,0,0,0,1,0,0,0,0,0,0,0,1,0,0,0,0,0,0,0,0,0,0,1,Intermediate
 44.1411,-73.74312,7.0,,"June 22, 1984, Tom Rosecrans, Mike Hay",Octo-Pussy,5.7,,1,1,1,1,1,1,0,0,0,0,0,1,0,0,0,0,0,0,0,1,0,0,0,0,0,0,0,0,0,0,1,Beginner
 44.11333,-73.90655,9.0,,"Mark Toso, Willow Toso, July 4, 2010",Bushy Pussy,5.9+,,1,1,1,1,1,1,0,0,0,0,0,1,0,0,0,0,0,0,0,1,0,0,0,0,0,0,0,0,0,0,1,Intermediate
 44.36496,-73.80958,10.0,,Royce Van Evra,"Save a Tree, Eat a Beaver",5.10d,,0,1,1,1,1,1,0,0,0,0,0,1,0,0,0,0,0,0,0,1,0,0,0,0,0,0,0,0,0,0,1,Intermediate
 41.74053,-74.18289,6.0,,Jim McCarthy and John Reppy (1967),Son of Bitchy Virgin,5.6,,1,1,0,1,1,1,0,0,0,1,1,1,0,0,0,0,0,0,1,0,0,1,0,0,0,0,0,0,0,0,1,Beginner
 40.54786,-75.47692,,4.0,unknown,Breast Flop,,V4,0,1,1,1,1,1,0,0,0,0,0,1,0,0,0,0,0,0,0,0,0,0,0,0,0,0,0,0,0,0,1,Advanced
 40.96357,-75.12379,5.0,,"Michael Steele, Ellen Waible",Pussytoes,5.5,,1,1,1,1,1,1,0,0,0,0,0,1,0,0,0,0,0,0,0,1,0,0,0,0,0,0,0,0,0,0,1,Beginner
 41.14588,-76.13831,10.0,,unknown,The Bitch is Back,5.10b/c,,1,1,0,1,1,1,0,0,0,0,0,1,0,0,0,0,0,0,1,0,0,0,0,0,0,0,0,0,0,0,1,Intermediate
 40.23916,-76.45287,,2.0,unknown,Sumbitch,,V0/1,1,1,0,1,1,1,0,0,0,0,0,1,0,0,0,0,0,0,1,0,0,0,0,0,0,0,0,0,0,0,1,Intermediate
 39.978,-79.5722,,5.0,Tim Anderson,Weeping Vagina,,V5,0,1,1,1,1,1,0,0,0,0,0,1,0,0,0,0,0,0,0,1,0,0,0,0,0,0,0,0,0,0,1,Advanced
 41.89429,-71.43131,,3.0,Joe McLoughlin,Bitch Slap,,V3/4,1,1,0,1,1,1,0,0,0,0,0,1,0,0,0,0,0,0,1,0,0,0,0,0,0,0,0,0,0,0,1,Advanced
 44.5569,-72.7982,11.0,,"D. Doucet, A. Pellet, T. Peckham, summer 2003(?)",Leaver Beaver,5.11b/c,,0,1,1,1,1,1,0,0,0,0,0,1,0,0,0,0,0,0,0,1,0,0,0,0,0,0,0,0,0,0,1,Advanced
 34.2876,-85.9237,10.0,,"Ken Pitts and Jamie Silliman, 1984",Collinsville Whore,5.10c/d,,1,1,0,1,1,1,0,0,0,0,0,1,0,0,0,0,0,0,0,0,1,0,0,0,0,0,0,0,0,0,1,Intermediate
 33.92092,-86.30788,,4.0,unknown,HP Whorehouse,,V4,1,1,0,1,1,1,0,0,0,0,0,1,0,0,0,0,0,0,0,0,1,0,0,0,0,0,0,0,0,0,1,Advanced
 33.92116,-86.30755,,8.0,unknown,Thugs and Bitches,,V8,1,1,0,1,1,1,0,0,0,0,0,1,0,0,0,0,0,0,1,0,0,0,0,0,0,0,0,0,0,0,1,Advanced
 34.1792,-85.81933,8.0,,Johnny Arms and Megan Murphy,Thin's Bottom Bitch,5.8,,1,1,0,1,1,1,0,0,0,0,0,1,0,0,0,0,0,0,1,0,0,0,0,0,0,0,0,0,0,0,1,Intermediate
 33.98856,-86.45815,9.0,,???,Boobs,5.9,,0,1,1,1,1,1,0,0,0,0,0,1,0,0,0,0,0,0,0,0,0,0,0,0,0,0,0,0,0,0,1,Intermediate
 35.16164,-93.59923,10.0,,Tony Morris,Rooster Raper,5.10a,,0,1,0,0,1,1,0,0,0,1,1,1,0,0,0,0,0,0,0,0,0,0,0,0,0,0,0,0,0,0,1,Intermediate
 35.87072,-93.05205,11.0,,Clay Frisbie and Woody Delp,Skank Master,5.11a,,1,1,0,1,1,1,0,0,0,0,0,1,0,0,0,0,0,0,0,0,0,0,0,0,0,0,0,0,0,0,1,Advanced
 36.00196,-93.29396,9.0,,"Chad Watkins, 2002",Gelgamek Vagina,5.9,,0,1,1,1,1,1,0,0,0,0,0,1,0,0,0,0,0,0,0,1,0,0,0,0,0,0,0,0,0,0,1,Intermediate
 36.0027,-93.2937,,3.0,unknown,Dirty Bitch,,V3,1,1,0,1,1,1,0,0,0,0,0,1,0,0,0,0,0,0,1,0,0,0,0,0,0,0,0,0,0,0,1,Advanced
 35.99981,-93.29369,8.0,,Alf Carter,Dirty Crack Whore,5.8,,1,1,0,1,1,1,0,0,0,0,0,1,0,0,0,0,0,0,0,0,1,0,0,0,0,0,0,0,0,0,1,Intermediate
 35.74536,-93.26987,12.0,,Joe Larson 2013,Octapussy,5.12b,,1,1,1,1,1,1,0,0,0,0,0,1,0,0,0,0,0,0,0,1,0,0,0,0,0,0,0,0,0,0,1,Advanced
 35.87327,-93.12659,12.0,,Chris Robertson,Fat Girls Got Big Tits,5.12c,,0,1,1,1,1,1,0,0,0,0,0,1,0,0,0,0,0,0,0,0,0,0,0,0,0,0,0,0,0,0,1,Advanced
 36.00163,-94.41791,,4.0,unknown,Roofies,,V4,0,1,0,0,1,1,0,0,0,1,1,1,0,0,0,0,0,0,0,0,0,0,0,0,0,0,0,0,0,0,1,Advanced
 35.99464,-94.41968,,1.0,unknown,Bitch Slap,,V1,1,1,0,1,1,1,0,0,0,0,0,1,0,0,0,0,0,0,1,0,0,0,0,0,0,0,0,0,0,0,1,Intermediate
 35.6176,-94.0059,10.0,,Jerry Barnett/Tommy Griffin,Skank,5.10a,,1,1,0,1,1,1,0,0,0,0,0,1,0,0,0,0,0,0,0,0,0,0,0,0,0,0,0,0,0,0,1,Intermediate
 35.6176,-94.0059,12.0,,Adam Leathers,Dominant Vagina Dentata,5.12c,,0,1,1,1,1,1,0,0,0,0,0,1,0,0,0,0,0,0,0,1,0,0,0,0,0,0,0,0,0,0,1,Advanced
 35.61735,-94.00792,,5.0,Ty Hutchins,Bitchin' Timmy,,V5,1,1,0,1,1,1,0,0,0,0,0,1,0,0,0,0,0,0,1,0,0,0,0,0,0,0,0,0,0,0,1,Advanced
 34.6591,-85.3899,,8.0,unknown,The Vagina,,V8,0,1,1,1,1,1,0,0,0,0,0,1,0,0,0,0,0,0,0,1,0,0,0,0,0,0,0,0,0,0,1,Advanced
 34.63735,-83.71498,6.0,,unknown,Fat Bitches in the Sky,5.6,,1,1,0,1,1,1,0,0,0,0,0,1,0,0,0,0,0,0,1,0,0,0,0,0,0,0,0,0,0,0,1,Beginner
 37.73488,-83.66201,12.0,,"Andrew Gearing, Dustin Stephens",Eager Beaver,5.12c/d,,0,1,1,1,1,1,0,0,0,0,0,1,0,0,0,0,0,0,0,1,0,0,0,0,0,0,0,0,0,0,1,Advanced
 37.71511,-83.66665,12.0,,Todd Burlier 1996,Sluts are Cool,5.12a,,1,1,0,1,1,1,0,0,0,0,0,1,0,0,0,0,0,0,0,0,1,0,0,0,0,0,0,0,0,0,1,Advanced
 37.72,-83.66294,10.0,,Nick Cocciolone,Pocket Pussy,5.10d,,1,1,1,1,1,1,0,0,0,0,0,1,0,0,0,0,0,0,0,1,0,0,0,0,0,0,0,0,0,0,1,Intermediate
 37.86342,-83.67403,8.0,,"Dave Hill, Erik Farley in 1991",Bitchmobile,5.8/9,,1,1,0,1,1,1,0,0,0,0,0,1,0,0,0,0,0,0,1,0,0,0,0,0,0,0,0,0,0,0,1,Intermediate
 37.83768,-83.64701,8.0,,"B.  Molzon, D. Shori, Nov. 1977",Horny Bitch,5.7/8,,1,1,0,1,1,1,0,0,0,1,1,1,0,0,0,0,0,0,1,0,0,0,0,0,0,0,0,0,0,0,1,Intermediate
 37.65459,-83.71673,11.0,,unknown 2004,Johnny on Roofies,5.11a,,0,1,0,0,1,1,0,0,0,1,1,1,0,0,0,0,0,0,0,0,0,0,0,0,0,0,0,0,0,0,1,Advanced
 37.65078,-83.72161,12.0,,Nathan Ross,Cold Hard Bitch,5.12b,,1,1,0,1,1,1,0,0,0,0,0,1,0,0,0,0,0,0,1,0,0,0,0,0,0,0,0,0,0,0,1,Advanced
 37.65292,-83.72495,11.0,,Danita Whelan	 in 1996,Slut Men,5.11d,,1,1,0,1,1,1,0,0,0,0,0,1,0,0,0,0,0,0,0,0,1,0,0,0,0,0,0,0,0,0,1,Advanced
 37.6406,-83.71132,11.0,,"Jimmy Hoctor, 2019",Kenny's Mom is a Big Fat Bitch,5.11b/c,,1,1,0,1,1,1,0,0,0,0,0,1,0,0,0,0,0,0,1,0,0,0,0,0,0,0,0,0,0,0,1,Advanced
 37.64753,-83.68238,10.0,,"Dustin Stephens, Scott Curran",Bitches Brew,5.10a,,1,1,0,1,1,1,0,0,0,0,0,1,0,0,0,0,0,0,1,0,0,0,0,0,0,0,0,0,0,0,1,Intermediate
 37.64891,-83.67849,6.0,,"Patrick Miller, Bob Bartlett",Beaver Patrol,5.6,,0,1,1,1,1,1,0,0,0,0,0,1,0,0,0,0,0,0,0,1,0,0,0,0,0,0,0,0,0,0,1,Beginner
 37.65164,-83.67944,3.0,,Patrick Miller Jason Harbin,Breast Fed,5.3,,0,1,1,1,1,1,0,0,0,0,0,1,0,0,0,0,0,0,0,0,0,0,0,0,0,0,0,0,0,0,1,Beginner
 37.72961,-83.63208,10.0,,"Karla Carandang, Jared Hancock, 2004","59"" DrillBitch",5.10a,,1,1,0,1,1,1,0,0,0,0,0,1,0,0,0,0,0,0,1,0,0,0,0,0,0,0,0,0,0,0,1,Intermediate
 39.32602,-77.7205,,5.0,unknown,Pussy Foot,,V5/6,1,1,1,1,1,1,0,0,0,0,0,1,0,0,0,0,0,0,0,1,0,0,0,0,0,0,0,0,0,0,1,Advanced
 36.16832,-78.44554,10.0,,unknown,Itchy Bitch,5.10b/c,,1,1,0,1,1,1,0,0,0,0,0,1,0,0,0,0,0,0,1,0,0,0,0,0,0,0,0,0,0,0,1,Intermediate
 35.08781,-83.13744,11.0,,"Andrew Mcdowell, Nathan Brown",pussyfootin',5.11b/c,,1,1,1,1,1,1,0,0,0,0,0,1,0,0,0,0,0,0,0,1,0,0,0,0,0,0,0,0,0,0,1,Advanced
 35.08781,-83.13744,12.0,,unknown,Flaming Tits,5.12a,,0,1,1,1,1,1,0,0,0,0,0,1,0,0,0,0,0,0,0,0,0,0,0,0,0,0,0,0,0,0,1,Advanced
 36.3916,-81.0473,9.0,,"Bob Rotert, Tom McMillan  1974",Electric Boobs,5.9+,,0,1,1,1,1,1,0,0,0,0,0,1,0,0,0,0,0,0,0,0,0,0,0,0,0,0,0,0,0,0,1,Intermediate
 36.40191,-80.27848,,5.0,unknown,Rabid Beaver,,V5/6,0,1,1,1,1,1,0,0,0,0,0,1,0,0,0,0,0,0,0,1,0,0,0,0,0,0,0,0,0,0,1,Advanced
 36.3973,-80.2861,10.0,,"Rich Gottlieb, Jack Carter 1977",Bimbo's Bulge,5.10c/d,,1,1,0,1,1,1,0,0,0,0,0,1,0,0,0,0,0,0,0,0,0,0,0,0,0,0,0,0,0,0,1,Intermediate
 35.454,-82.22,8.0,,"Mike Reardon, Colt Wight",Octopussy,5.8,,1,1,1,1,1,1,0,0,0,0,0,1,0,0,0,0,0,0,0,1,0,0,0,0,0,0,0,0,0,0,1,Intermediate
 35.2599,-82.80602,9.0,,Sean Cobourn and Brian Gulden,Media Whore,5.9,,1,1,0,1,1,1,0,0,0,0,0,1,0,0,0,0,0,0,0,0,1,0,0,0,0,0,0,0,0,0,1,Intermediate
 34.7143,-98.7462,10.0,,unknown,Bitchin' Piranha,5.10d,,1,1,0,1,1,1,0,0,0,0,0,1,0,0,0,0,0,0,1,0,0,0,0,0,0,0,0,0,0,0,1,Intermediate
 35.24772,-85.22079,,5.0,unknown,Country Redneck Bitch,,V5,1,1,0,1,1,1,0,0,0,0,0,1,0,0,0,0,0,0,1,0,0,0,0,0,0,0,0,0,0,0,1,Advanced
 35.2269,-84.5255,11.0,,"Philip Fisher, Robyn Erbesfield 1986",Slut Puppy,5.11a,,1,1,0,1,1,1,0,0,0,0,0,1,0,0,0,0,0,0,0,0,1,0,0,0,0,0,0,0,0,0,1,Advanced
 35.2269,-84.5255,10.0,,unknown,Slut Dog,5.10c/d,,1,1,0,1,1,1,0,0,0,0,0,1,0,0,0,0,0,0,0,0,1,0,0,0,0,0,0,0,0,0,1,Intermediate
 36.09452,-84.71022,12.0,,Eric Ogelsby,Psychowhore,5.12a,,1,1,0,1,1,1,0,0,0,0,0,1,0,0,0,0,0,0,0,0,1,0,0,0,0,0,0,0,0,0,1,Advanced
 35.19166,-85.69914,10.0,,Mitch Toomey,Mitch's Bitch,5.10c/d,,1,1,0,1,1,1,0,0,0,0,0,1,0,0,0,0,0,0,1,0,0,0,0,0,0,0,0,0,0,0,1,Intermediate
 35.17715,-85.68247,10.0,,unknown,Hola bitch,5.10d,,1,1,0,1,1,1,0,0,0,0,0,1,0,0,0,0,0,0,1,0,0,0,0,0,0,0,0,0,0,0,1,Intermediate
 29.9685,-99.96074,11.0,,unknown,Timbo The Bimbo,5.11c,,1,1,0,1,1,1,0,0,0,0,0,1,0,0,0,0,0,0,0,0,0,0,0,0,0,0,0,0,0,0,1,Advanced
 30.5063,-98.8215,7.0,,unknown,Beginner's Bitch,5.7/8,,1,1,0,1,1,1,0,0,0,0,0,1,0,0,0,0,0,0,1,0,0,0,0,0,0,0,0,0,0,0,1,Beginner
 34.96081,-101.67519,,3.0,Christian Puschman,Bob had Bitch Tits,,V3/4,1,1,1,1,1,1,0,0,0,0,0,1,0,0,0,0,0,0,1,0,0,0,0,0,0,0,0,0,0,0,1,Advanced
 31.9224,-106.0433,,0.0,unknown,Honey Hole,,V0,0,1,1,1,1,1,0,0,0,0,0,1,0,0,0,0,0,0,0,0,0,0,0,0,0,0,0,0,0,0,1,Intermediate
 31.92218,-106.04789,9.0,,unknown,Bitchin Chimney,5.9,,1,1,0,1,1,1,0,0,0,0,0,1,0,0,0,0,0,0,1,0,0,0,0,0,0,0,0,0,0,0,1,Intermediate
 31.1586,-97.4876,,4.0,unknown,Bitch Slap,,V4,1,1,0,1,1,1,0,0,0,0,0,1,0,0,0,0,0,0,1,0,0,0,0,0,0,0,0,0,0,0,1,Advanced
 31.9171,-106.0391,,3.0,unknown,Rembrandt Pussyhorse,,V3,1,1,1,1,1,1,0,0,0,0,0,1,0,0,0,0,0,0,0,1,0,0,0,0,0,0,0,0,0,0,1,Advanced
 30.3337,-98.1222,11.0,,Stephen Shortnacy & John Gonzales,The Bitch Club,5.11d,,1,1,0,1,1,1,0,0,0,0,0,1,0,0,0,0,0,0,1,0,0,0,0,0,0,0,0,0,0,0,1,Advanced
 30.37867,-98.11334,11.0,,John Hogge,The Bitchin' High Traverse,5.11a,,1,1,0,1,1,1,0,0,0,0,0,1,0,0,0,0,0,0,1,0,0,0,0,0,0,0,0,0,0,0,1,Advanced
 30.37289,-98.12622,,1.0,unknown,Baby Bitch,,V1,1,1,0,1,1,1,0,0,0,0,0,1,0,0,0,0,0,0,1,0,0,0,0,0,0,0,0,0,0,0,1,Intermediate
 30.2394,-97.8098,12.0,,Kirk Holladay,Dirty Rotten Whore,5.12b,,1,1,0,1,1,1,0,0,0,0,0,1,0,0,0,0,0,0,0,0,1,0,0,0,0,0,0,0,0,0,1,Advanced
 30.1808,-97.7224,,8.0,unknown,Power Slut,,V8,1,1,0,1,1,1,0,0,0,0,0,1,0,0,0,0,0,0,0,0,1,0,0,0,0,0,0,0,0,0,1,Advanced
 38.288,-77.4835,,2.0,unknown,BBCC (Blueberry Cunton Candy),,V2,1,1,1,1,1,1,0,0,0,0,0,1,0,0,0,0,0,0,0,1,0,0,0,0,0,0,0,0,0,0,1,Intermediate
 36.61272,-81.49442,,2.0,Aaron Parlier,Beaver Rage,,V2,0,1,1,1,1,1,0,0,0,0,0,1,0,0,0,0,0,0,0,1,0,0,0,0,0,0,0,0,0,0,1,Intermediate
 39.62615,-79.838,,2.0,unknown,Mary Was A Whore,,V2,1,1,0,1,1,1,0,0,0,0,0,1,0,0,0,0,0,0,0,0,1,0,0,0,0,0,0,0,0,0,1,Intermediate
 39.63363,-79.80593,,4.0,unknown,Bitch Be Cool,,V4,1,1,0,1,1,1,0,0,0,0,0,1,0,0,0,0,0,0,1,0,0,0,0,0,0,0,0,0,0,0,1,Advanced
 39.635,-79.80994,,2.0,unknown,Bitch Slap Jr.,,V2,1,1,0,1,1,1,0,0,0,0,0,1,0,0,0,0,0,0,1,0,0,0,0,0,0,0,0,0,0,0,1,Intermediate
 39.635,-79.80994,,5.0,unknown,Bitch Slap Arete,,V5/6,1,1,0,1,1,1,0,0,0,0,0,1,0,0,0,0,0,0,1,0,0,0,1,0,0,0,0,0,0,0,1,Advanced
 38.0752,-81.0891,13.0,,Stephen Meinhold '07,Whores in Church,5.13c,,1,1,0,1,1,1,0,0,0,0,0,1,0,0,0,0,0,0,0,0,1,0,0,0,0,0,0,0,0,0,1,Advanced
 38.13843,-80.90748,8.0,,Dan Brayack and Bob Value 2007,Tigger goes to Cambodia and Tears a Flapper on Ho Chi Minh's Asshole,5.8,,1,1,0,1,1,1,1,0,1,1,1,1,0,0,0,0,0,0,0,0,1,0,0,0,0,0,0,0,0,0,1,Intermediate
 38.14138,-80.90998,12.0,,Matt Fanning,The Way of the Beaver,5.12a,,0,1,1,1,1,1,0,0,0,0,0,1,0,0,0,0,0,0,0,1,0,0,0,0,0,0,0,0,0,0,1,Advanced
 38.14138,-80.90998,13.0,,Mark Stevenson,Bitch Slap,5.13a,,1,1,0,1,1,1,0,0,0,0,0,1,0,0,0,0,0,0,1,0,0,0,0,0,0,0,0,0,0,0,1,Advanced
 38.05238,-81.07272,11.0,,Doug Reed,Bimbo Shrine,5.11b/c,,1,1,0,1,1,1,0,0,0,0,0,1,0,0,0,0,0,0,0,0,0,0,0,0,0,0,0,0,0,0,1,Advanced
 38.11816,-81.13164,,5.0,unknown,Breast ArÃªte,,V5,0,1,1,1,1,1,0,0,0,0,0,1,0,0,0,0,0,0,0,0,0,0,0,0,0,0,0,0,0,0,1,Advanced
 38.07138,-81.07971,,5.0,Perhaps Wild Bill?,Wild Bill's Zen Bitch Slap,,V5/6,1,1,0,1,1,1,0,0,0,0,0,1,0,0,0,0,0,0,1,0,0,0,0,0,0,0,0,0,0,0,1,Advanced
 38.241460000000004,-80.84583,12.0,,Dan Hague 1998,Obitchuary,5.12b,,1,1,0,1,1,1,0,0,0,0,0,1,0,0,0,0,0,0,1,0,0,0,0,0,0,0,0,0,0,0,1,Advanced
 38.11576,-81.14353,,4.0,unknown,Slitty Titty Traverse,,V4/5,0,1,1,1,1,1,0,0,0,0,0,1,0,0,0,0,0,0,0,0,0,0,0,0,0,0,0,0,0,0,1,Advanced
 38.1138,-81.13935,10.0,,Brenda Karte 2013,Red Hot Hoochie Coocher,5.10c,,0,1,1,1,1,1,0,0,0,0,0,1,0,0,0,0,0,0,0,0,0,0,0,0,0,0,0,0,0,0,1,Intermediate
 38.05569,-81.06276,12.0,,"Rick Thompson, Eric Horst, Carl Samples, Bob Rentka, 1989",Pocket Pussy,5.12a,,1,1,1,1,1,1,0,0,0,0,0,1,0,0,0,0,0,0,0,1,0,0,0,0,0,0,0,0,0,0,1,Advanced
 37.4769,-80.8646,,5.0,Jeremy Kane,French Tits,,V5/6,0,1,1,1,1,1,0,0,0,0,0,1,0,0,0,0,0,0,0,0,0,0,0,0,0,0,0,0,0,0,1,Advanced
 37.73371,-119.56956,12.0,,Beyer-solo,Balance Bitch,5.12a,,1,1,0,1,1,1,0,0,0,0,0,1,0,0,0,0,0,0,1,0,0,0,0,0,0,0,0,0,0,0,1,Advanced
 37.81564,-119.48839,10.0,,Bruce Morris Scott Cole Aug. 2013,Tits On A Bull,5.10c/d,,0,1,1,1,1,1,0,0,0,0,0,1,0,0,0,0,0,0,0,0,0,0,0,0,0,0,0,0,0,0,1,Intermediate
 37.81311,-119.49345,6.0,,Sean Ward June '95,Just Like a Vagina,5.6,,0,1,1,1,1,1,0,0,0,0,0,1,0,0,0,0,0,0,0,1,0,0,0,0,0,0,0,0,0,0,1,Beginner
 37.86026,-119.42626,10.0,,Brandon Adams 2018,Titty Twister,5.10c,,0,1,1,1,1,1,0,0,0,0,0,1,0,0,0,0,0,0,0,0,0,0,0,0,0,0,0,0,0,0,1,Intermediate
 37.71991,-119.70783,10.0,,"Ken Yager, et. al.",Breast Fest,5.10c,,0,1,1,1,1,1,0,0,0,0,0,1,0,0,0,0,0,0,0,0,0,0,0,0,0,0,0,0,0,0,1,Intermediate
 37.72406,-119.71395,12.0,,Dan and Sue McDevitt,Pussy Paws,5.12b/c,,1,1,1,1,1,1,0,0,0,0,0,1,0,0,0,0,0,0,0,1,0,0,0,0,0,0,0,0,0,0,1,Advanced
 37.67875,-119.74886,10.0,,"Jeff Scheuerell, Monica Buhler, 4/13",Bombay Bitch,5.10b,,1,1,0,1,1,1,0,0,0,0,0,1,0,0,0,0,0,0,1,0,0,0,0,0,0,0,0,0,0,0,1,Intermediate
 37.74908,-119.58015,11.0,,Walt Shipley & Eric Kohl - 1990,Bitches' Terror,5.11a,,1,1,0,1,1,1,0,0,0,0,0,1,0,0,0,0,0,0,1,0,0,0,0,0,0,0,0,0,0,0,1,Advanced
 37.72843,-119.62458,13.0,,"P1 (aint that a bitch) Dale Bard, P2 (Dividing Line 5.13) Mikey Schaefer, Upper pitches (Psycho Bitch) Kevin Andrews. FFA full route Mason Earle 2013",Psycho Bitch,5.13b,,1,1,0,1,1,1,0,0,0,0,0,1,0,0,0,0,0,0,1,0,0,0,0,0,0,0,0,0,0,0,1,Advanced
 38.60389,-123.36885,,5.0,,My Bitch Love Do Cocaine,,V5/6,1,1,0,1,1,1,0,0,0,0,0,1,0,0,1,0,0,0,1,0,0,0,0,0,0,0,0,0,0,0,1,Advanced
 38.39059,-121.98784,,6.0,Aaron Rough,Bitch Ass Whiney Ho,,V6,1,1,0,1,1,1,0,0,0,0,0,1,0,0,0,0,0,0,1,0,0,0,0,0,0,0,0,0,0,0,1,Advanced
 38.65134,-122.61858,9.0,,Ken Stanton 1991,18NY (aka The Chickens are Breastless),5.9,,0,1,1,1,1,1,0,0,0,0,0,1,0,0,0,0,0,0,0,0,0,0,0,0,0,0,0,0,0,0,1,Intermediate
 34.24924,-117.62013,8.0,,Hello friggin Kitty,Painslut,5.8,,1,1,0,1,1,1,0,0,0,0,0,1,0,0,0,0,0,0,0,0,1,0,0,0,0,0,0,0,0,0,1,Intermediate
 34.34024,-117.98041,8.0,,Tristan Burnham,Worth Bagley was a Bitch,5.8,,1,1,0,1,1,1,0,0,0,0,0,1,0,0,0,0,0,0,1,0,0,0,0,0,0,0,0,0,0,0,1,Intermediate
 34.51338,-118.40187,12.0,,Tony Sartin,Eager Beaver,5.12a,,0,1,1,1,1,1,0,0,0,0,0,1,0,0,0,0,0,0,0,1,0,0,0,0,0,0,0,0,0,0,1,Advanced
 34.10639,-118.89515,10.0,,Doniel Drazin (2003),Pussy Galore,5.10d,,1,1,1,1,1,1,0,0,0,0,0,1,0,0,0,0,0,0,0,1,0,0,0,0,0,0,0,0,0,0,1,Intermediate
 34.10639,-118.89515,10.0,,Doniel Drazin (2003),Octopussy,5.10a,,1,1,1,1,1,1,0,0,0,0,0,1,0,0,0,0,0,0,0,1,0,0,0,0,0,0,0,0,0,0,1,Intermediate
 34.09567,-118.72976,12.0,,FA: Eoghan Kyne; EB: Todd Fertig,Seven Year bItch,5.12b/c,,1,1,0,1,1,1,0,0,0,0,0,1,0,0,0,0,0,0,1,0,0,0,0,0,0,0,0,0,0,0,1,Advanced
 34.10186,-118.84602,,3.0,"??, Feb 1972",Pocket Pussy,,V3/4,1,1,1,1,1,1,0,0,0,0,0,1,0,0,0,0,0,0,0,1,0,0,0,0,0,0,0,0,0,0,1,Advanced
 41.36349,-122.69141,10.0,,"Steve Webber, Grover Shipman",Lead It To Beaver,5.10d,,0,1,1,1,1,1,0,0,0,0,0,1,0,0,0,0,0,0,0,1,0,0,0,0,0,0,0,0,0,0,1,Intermediate
 40.77938,-122.00276,12.0,,unknown,Space Sluts,5.12a,,1,1,0,1,1,1,0,0,0,0,0,1,0,0,0,0,0,0,0,0,1,0,0,0,0,0,0,0,0,0,1,Advanced
 40.77938,-122.00276,11.0,,Travis Klawin,Crank Whore,5.11a,,1,1,0,1,1,1,0,0,0,0,0,1,0,0,0,0,0,0,0,0,1,0,0,0,0,0,0,0,0,0,1,Advanced
 34.2753,-117.127,10.0,,"Kenn Kanaga & Pat Brennan, 1992",12 Pack of Pussy,5.10d,,1,1,1,1,1,1,0,0,0,0,0,1,0,0,0,0,0,0,0,1,0,0,0,0,0,0,0,0,0,0,1,Intermediate
 34.1963,-116.72273,11.0,,"Dave LePere, Brad Singer, Ryan Crochiere & Eric Odenthal, April 2001",Nothing Could be Finer than to be in a Vagina in the Morning,5.11a,,0,1,1,1,1,1,0,0,0,0,0,1,0,0,0,0,0,0,0,1,0,0,0,0,0,0,0,0,0,0,1,Advanced
 34.27148,-116.98311,9.0,,unknown,Butch the Bitch,5.9,,1,1,0,1,1,1,0,0,0,0,0,1,0,0,0,0,0,0,1,0,0,0,0,0,0,0,0,0,0,0,1,Intermediate
 33.01205,-116.94636,8.0,,Jed Jirak and Aden Parker,Scooch Crack,5.8,,0,1,1,1,1,1,0,0,0,0,0,1,0,0,0,0,0,0,0,0,0,0,0,0,0,0,0,0,0,0,1,Intermediate
 32.90428,-116.8851,,4.0,Brian wheeler,Whales vagina,,V4,0,1,1,1,1,1,0,0,0,0,0,1,0,0,0,0,0,0,0,1,0,0,0,0,0,0,0,0,0,0,1,Advanced
 33.22406,-116.45214,,2.0,unknown,4 Floors of Whores,,V2/3,1,1,0,1,1,1,0,0,0,0,0,1,0,0,0,0,0,0,0,0,1,0,0,0,0,0,0,0,0,0,1,Intermediate
 37.22678,-122.10071,10.0,,unknown,Plat-A-Pussy,5.10a,,1,1,1,1,1,1,0,0,0,0,0,1,0,0,0,0,0,0,0,1,0,0,0,0,0,0,0,0,0,0,1,Intermediate
 37.82563,-122.51446,,5.0,unknown,Intruding Dyke,,V5,1,1,0,1,1,1,0,0,0,0,0,1,0,1,0,0,0,0,0,0,0,0,0,0,0,0,0,0,0,0,1,Advanced
 33.81578,-116.64884,,8.0,unknown,The Angry Beaver,,V8,0,1,1,1,1,1,0,0,0,0,0,1,0,0,0,0,0,0,0,1,0,0,0,0,0,0,0,0,0,0,1,Advanced
 33.8159,-116.64911,,6.0,unknown,Bitch Slap,,V6,1,1,0,1,1,1,0,0,0,0,0,1,0,0,0,0,0,0,1,0,0,0,0,0,0,0,0,0,0,0,1,Advanced
 33.7437,-116.7249,,1.0,unknown,Tits Mantle,,V1,0,1,1,1,1,1,0,0,0,0,0,1,0,0,0,0,0,0,0,0,0,0,0,0,0,0,0,0,0,0,1,Intermediate
 34.47856,-119.70598,8.0,,"Jeff Mahoney and Alex Lau, 9/2/12",I Wanna Be Your Pussy Cat,5.8,,1,1,1,1,1,1,0,0,0,0,0,1,0,0,0,0,0,0,0,1,0,0,0,0,0,0,0,0,0,0,1,Intermediate
 34.46806,-119.66639,10.0,,"Jan Roestel, onsited this dirty beast in the dark one night in August 2010",Faces are a Doddle (Compared to Tits and Ass) aka Direct Crack Finish,5.10a/b,,0,1,1,1,1,1,0,0,0,0,0,1,0,0,0,0,0,0,0,0,0,0,0,0,0,0,0,0,0,0,1,Intermediate
 34.5075,-119.2757,10.0,,Eric benevente,Low Grade Beaver Tranquilizer,5.10c/d,,0,1,1,1,1,1,0,0,0,0,0,1,0,0,0,0,0,0,0,1,0,0,0,0,0,0,0,0,0,0,1,Intermediate
 34.5075,-119.2757,11.0,,"Erik Benevente, Mike Levanduski (Sept. 2014)",Bitch Free Zone,5.11a/b,,1,1,0,1,1,1,0,0,0,0,0,1,0,0,0,0,0,0,1,0,0,0,0,0,0,0,0,0,0,0,1,Advanced
 34.63736,-119.30822,,10.0,unknown,Spicy Beaver,,V10,0,1,1,1,1,1,0,0,0,0,0,1,0,0,0,0,0,0,0,1,0,0,0,0,0,0,0,0,0,0,1,Advanced
 33.76108,-116.68129,10.0,,Old School,Bitchen Lichen,5.10c,,1,1,0,1,1,1,0,0,0,0,0,1,0,0,0,0,0,0,1,0,0,0,0,0,0,0,0,0,0,0,1,Intermediate
 33.67608,-117.11732,,3.0,Skyler Irish,Pussy Foot traverse,,V3,1,1,1,1,1,1,0,0,0,0,0,1,0,0,0,0,0,0,0,1,0,0,0,0,0,0,0,0,0,0,1,Advanced
 33.97421,-117.37071,,0.0,Bruce Diffenbaugh 81,Boobs boulder,,V0,0,1,1,1,1,1,0,0,0,0,0,1,0,0,0,0,0,0,0,0,0,0,0,0,0,0,0,0,0,0,1,Intermediate
 34.03824,-116.1466,10.0,,"Todd Gordon, Tucker Tech,  Suzette Olsen, Norm Miller , Andrea Tomaszewski",Let's **** the Crack Whore,5.10a,,1,1,0,1,1,1,0,0,0,0,0,1,0,0,0,0,0,0,0,0,1,0,0,0,0,0,0,0,0,0,1,Intermediate
 34.03187,-116.14073,11.0,,"Todd Gordon, Tucker Tech",Tits on the Bull,5.11a/b,,0,1,1,1,1,1,0,0,0,0,0,1,0,0,0,0,0,0,0,0,0,0,0,0,0,0,0,0,0,0,1,Advanced
 34.03726,-116.14539,10.0,,"Todd Gordon, Reggie Thompson, Karen Long, and Linda Moran (Oct. 1990)",Right-Handed Dyke,5.10a,,1,1,0,1,1,1,0,0,0,0,0,1,0,1,0,0,0,0,0,0,0,0,0,0,0,0,0,0,0,0,1,Intermediate
 33.9904,-116.16338,10.0,,"Mike Lechlinski, Mari Gingery, John Long, Todd Gordon & Cyndie Bransford.",Beaver Boulder Free Route,5.10d,,0,1,1,1,1,1,0,0,0,0,0,1,0,0,0,0,0,0,0,1,0,0,0,0,0,0,0,0,0,0,1,Intermediate
 34.00628,-116.05306,7.0,,unknown,Pussy Riot,5.7/8,,1,1,1,1,1,1,0,0,0,0,0,1,0,0,0,0,0,0,0,1,0,0,0,0,0,0,0,0,0,0,1,Beginner
 34.04025,-116.19743,10.0,,unknown,Bimbo,5.10a,,1,1,0,1,1,1,0,0,0,0,0,1,0,0,0,0,0,0,0,0,0,0,0,0,0,0,0,0,0,0,1,Intermediate
 34.03989,-116.19486,9.0,,unknown,Which Bitch,5.9,,1,1,0,1,1,1,0,0,0,0,0,1,0,0,0,0,0,0,1,0,0,0,0,0,0,0,0,0,0,0,1,Intermediate
 34.03989,-116.19486,7.0,,Dave Evans and Marge Floyd,"Bitch, Bitch",5.7,,1,1,0,1,1,1,0,0,0,0,0,1,0,0,0,0,0,0,1,0,0,0,0,0,0,0,0,0,0,0,1,Beginner
 34.0145,-116.1713,10.0,,Holtkamp & Yoho 2/78,Pussy Galore,5.10c/d,,1,1,1,1,1,1,0,0,0,0,0,1,0,0,0,0,0,0,0,1,0,0,0,0,0,0,0,0,0,0,1,Intermediate
 34.0481,-116.1021,10.0,,"Dave Bengston and Carla Zezula, 1990",Beaver Tail,5.10b,,0,1,1,1,1,1,0,0,0,0,0,1,0,0,0,0,0,0,0,1,0,0,0,0,0,0,0,0,0,0,1,Intermediate
 34.01415,-116.16906,12.0,,"Dave Evans & Jim Angione, 1/78  FFA: (TR) John Bachar 3/78, FL: J. Bachar 1979",Leave it to Beaver (aka The Beaver),5.12a,,0,1,1,1,1,1,0,0,0,0,0,1,0,0,0,0,0,0,0,1,0,0,0,0,0,0,0,0,0,0,1,Advanced
 34.01302,-116.16798,12.0,,"Dave Bengston, 1991",The Pit Slut,5.12b/c,,1,1,0,1,1,1,0,0,0,0,0,1,0,0,0,0,0,0,0,0,1,0,0,0,0,0,0,0,0,0,1,Advanced
 34.01036,-116.17115,9.0,,unknown,Sugartits,5.9+,,0,1,1,1,1,1,0,0,0,0,0,1,0,0,0,0,0,0,0,0,0,0,0,0,0,0,0,0,0,0,1,Intermediate
 34.00005,-116.12157,7.0,,DJ Reyes,Vagina Dialogues,5.7,,0,1,1,1,1,1,0,0,0,0,0,1,0,0,0,0,0,0,0,1,0,0,0,0,0,0,0,0,0,0,1,Beginner
 34.0071,-116.0538,10.0,,"Mike Lechlinski, Mari Gingery et.al",Dick Van Dyke (aka Elvis is Everywhere),5.10c,,1,1,0,1,1,1,0,1,1,1,0,1,0,1,0,0,0,1,0,0,0,0,0,0,0,0,0,0,0,0,1,Intermediate
 33.98662,-116.0115,8.0,,Unspecified,Bitches Love Cake,5.8,,1,1,0,1,1,1,0,0,0,0,0,1,0,0,0,0,0,0,1,0,0,0,0,0,0,0,0,0,0,0,1,Intermediate
 34.02309,-116.17802,9.0,,unknown,Date Rape,5.9,,0,1,0,0,1,1,0,0,0,1,1,1,0,0,0,0,0,0,0,0,0,0,0,0,0,0,0,0,0,0,1,Intermediate
 34.01886,-116.18016,11.0,,"Brian Sillasen, Todd Gordon & Tom Atherton, March 1988",Pocket Pussy,5.11b/c,,1,1,1,1,1,1,0,0,0,0,0,1,0,0,0,0,0,0,0,1,0,0,0,0,0,0,0,0,0,0,1,Advanced
 34.0942,-116.0497,10.0,,Todd Gordon & Chris Miller,Octopussy,5.10b,,1,1,1,1,1,1,0,0,0,0,0,1,0,0,0,0,0,0,0,1,0,0,0,0,0,0,0,0,0,0,1,Intermediate
 34.0214,-116.06832,10.0,,"Dave Bruckman, Don Wilson, Karen Wilson, Dave Evans & Jim Angione, December 1987",Software Sluts,5.10d,,1,1,0,1,1,1,0,0,0,0,0,1,0,0,0,0,0,0,0,0,1,0,0,0,0,0,0,0,0,0,1,Intermediate
 34.02441,-116.15027,3.0,,DJ Reyes,Pussy in Boots,5.3,,1,1,1,1,1,1,0,0,0,0,0,1,0,0,0,0,0,0,0,1,0,0,0,0,0,0,0,0,0,0,1,Beginner
 34.02721,-116.15051,9.0,,"Brian Sillasen, Todd Gordon, 11/1987",Rich Bitch,5.9+,,1,1,0,1,1,1,0,0,0,0,0,1,0,0,0,0,0,0,1,0,0,0,0,0,0,0,0,0,0,0,1,Intermediate
 34.02513,-116.15617,10.0,,"Todd Gordon & Cyndie Bransford, 1992",Tooth Beaver,5.10a,,0,1,1,1,1,1,0,0,0,0,0,1,0,0,0,0,0,0,0,1,0,0,0,0,0,0,0,0,0,0,1,Intermediate
 33.94995,-116.07517,10.0,,unknown,Spooky Boobs,5.10c,,0,1,1,1,1,1,0,0,0,0,0,1,0,0,0,0,0,0,0,0,0,0,0,0,0,0,0,0,0,0,1,Intermediate
 34.01799,-116.16431,9.0,,"Alan Nelson and Alan Bartlett, Jan. 1984",Berkeley Dyke,5.9,,1,1,0,1,1,1,0,0,0,0,0,1,0,1,0,0,0,0,0,0,0,0,0,0,0,0,0,0,0,0,1,Intermediate
 34.0949,-116.1649,7.0,,"Alan Nelson and Sally Moser, November 1987",Bitch in Heat,5.7,,1,1,0,1,1,1,0,0,0,0,0,1,0,0,0,0,0,0,1,0,0,0,0,0,0,0,0,0,0,0,1,Beginner
 38.64838,-120.70717,12.0,,unknown,Eunuch in a Whorehouse,5.12c/d,,1,1,0,1,1,1,0,0,0,0,0,1,0,0,0,0,0,0,0,0,1,0,0,0,0,0,0,0,0,0,1,Advanced
 38.91442,-121.01486,10.0,,Aaron Rough,Bionic Bitch Slap,5.10d,,1,1,0,1,1,1,0,0,0,0,0,1,0,0,0,0,0,0,1,0,0,0,0,0,0,0,0,0,0,0,1,Intermediate
 33.98365,-116.15426,,1.0,unknown,Camp Whore,,V1,1,1,0,1,1,1,0,0,0,0,0,1,0,0,0,0,0,0,0,0,1,0,0,0,0,0,0,0,0,0,1,Intermediate
 34.01224,-116.17905,,0.0,unknown,Easy Skanking,,V0,1,1,0,1,1,1,0,0,0,0,0,1,0,0,0,0,0,0,0,0,0,0,0,0,0,0,0,0,0,0,1,Intermediate
 34.03094,-116.14376,9.0,,"Matt Cox, Randy Vogel and Shawn Curtis, 1976",X-Rated Tits,5.9,,0,1,1,1,1,1,0,0,0,0,0,1,0,0,0,0,0,0,0,0,0,0,0,0,0,0,0,0,0,0,1,Intermediate
 34.02772,-116.14099,7.0,,Don Reid and Alan Roberts,Life's a Bitch and then You Marry One,5.7,,1,1,0,1,1,1,0,0,0,0,0,1,0,0,0,0,0,0,1,0,0,0,0,0,0,0,0,0,0,0,1,Beginner
 37.6478,-119.003,11.0,,"Jeff Follett, Dirk Addis",Tittytwister,5.11c,,0,1,1,1,1,1,0,0,0,0,0,1,0,0,0,0,0,0,0,0,0,0,0,0,0,0,0,0,0,0,1,Advanced
 36.61009,-118.1348,6.0,,"JIm Davs, Steve Pollard-Cuddy  April 2013",Dirty Little Crack Whore,5.6,,1,1,0,1,1,1,0,0,0,0,0,1,0,0,0,0,0,0,0,0,1,0,0,0,0,0,0,0,0,0,1,Beginner
 36.60449,-118.12672,8.0,,unknown,Itty Bitty Titty Committee,5.8,,0,1,1,1,1,1,0,0,0,0,0,1,0,0,0,0,0,0,0,0,0,0,0,0,0,0,0,0,0,0,1,Intermediate
 37.5031,-118.72051,11.0,,Luke Potter/Jim Barnes/Bruno Damico 5/2018,Now thatâ€™s a Titty,5.11b/c,,0,1,1,1,1,1,0,0,0,0,0,1,0,0,0,0,0,0,0,0,0,0,0,0,0,0,0,0,0,0,1,Advanced
 37.51818,-118.71324,5.0,,unknown,Easy Skankin',5.5,,1,1,0,1,1,1,0,0,0,0,0,1,0,0,0,0,0,0,0,0,0,0,0,0,0,0,0,0,0,0,1,Beginner
 37.72769,-118.56614,10.0,,unknown,Sweet Tits,5.10b,,0,1,1,1,1,1,0,0,0,0,0,1,0,0,0,0,0,0,0,0,0,0,0,0,0,0,0,0,0,0,1,Intermediate
 37.90993,-118.81594,8.0,,"Mike Strassman, Wendy Bogerd, Scott Ayers, 1980s.",Dick Van Dyke,5.8,,1,1,0,1,1,1,0,1,1,1,0,1,0,1,0,0,0,1,0,0,0,0,0,0,0,0,0,0,0,0,1,Intermediate
 37.7972,-119.046,,2.0,unknown,Corridor Whore,,V0/1,1,1,0,1,1,1,0,0,0,0,0,1,0,0,0,0,0,0,0,0,1,0,0,0,0,0,0,0,0,0,1,Intermediate
 37.52319,-118.57505,10.0,,"Mike Strassman, Dana Drucker",Snapping Pussy Doll,5.10a,,1,1,1,1,1,1,0,0,0,0,0,1,0,0,0,0,0,0,0,1,0,0,0,0,0,0,0,0,0,0,1,Intermediate
 37.42324,-118.43279,,2.0,unknown,Pocket Pussy,,V0/1,1,1,1,1,1,1,0,0,0,0,0,1,0,0,0,0,0,0,0,1,0,0,0,0,0,0,0,0,0,0,1,Intermediate
 37.52246,-118.57309,9.0,,Dan mcDevitt,Pinkpoint pussy,5.9,,1,1,1,1,1,1,0,0,0,0,0,1,0,0,0,0,0,0,0,1,0,0,0,0,0,0,0,0,0,0,1,Intermediate
 37.51742,-118.57156,10.0,,"Bruce Lella, Todd Graham",Show Us Your Tits,5.10b/c,,0,1,1,1,1,1,0,0,0,0,0,1,0,0,0,0,0,0,0,0,0,0,0,0,0,0,0,0,0,0,1,Intermediate
 37.52202,-118.57303,12.0,,"Tom Helvie, Devlin Junker",Clearcut Beaver,5.12a,,0,1,1,1,1,1,0,0,0,0,0,1,0,0,0,0,0,0,0,1,0,0,0,0,0,0,0,0,0,0,1,Advanced
 37.50354,-118.56722,8.0,,Wolfe/Vasquez,Chewy the Beaver,5.8/9,,0,1,1,1,1,1,0,0,0,0,0,1,0,0,0,0,0,0,0,1,0,0,0,0,0,0,0,0,0,0,1,Intermediate
 37.38348,-118.67733,12.0,,Shadow Ayala,Land of Rape and Honey,5.12c,,0,1,0,0,1,1,0,0,0,1,1,1,0,0,0,0,0,0,0,0,0,0,0,0,0,0,0,0,0,0,1,Advanced
 38.02775,-120.3883,,2.0,unknown,Bitch Slap,,V2,1,1,0,1,1,1,0,0,0,0,0,1,0,0,0,0,0,0,1,0,0,0,0,0,0,0,0,0,0,0,1,Intermediate
 37.38845,-119.49695,8.0,,"Jeremy Ross, Tom Slater 11-2017",Munter Bitch,5.8,,1,1,0,1,1,1,0,0,0,0,0,1,0,0,0,0,0,0,1,0,0,0,0,0,0,0,0,0,0,0,1,Intermediate
 35.82204,-118.45768,7.0,,"J. Jones, Russ N.",Wyonna's Big Brown Beaver,5.7,,0,1,1,1,1,1,0,0,0,0,0,1,0,0,0,0,0,0,0,1,0,0,0,0,0,0,0,0,0,0,1,Beginner
 36.06681,-118.52882,8.0,,unknown,Arch Bitch-Up,5.8,,1,1,0,1,1,1,0,0,0,0,0,1,0,0,0,0,0,0,1,0,0,0,0,0,0,0,0,0,0,0,1,Intermediate
 37.14846,-119.26652,,0.0,DG,EZ Skankin',,VB,1,1,0,1,1,1,0,0,0,0,0,1,0,0,0,0,0,0,0,0,0,0,0,0,0,0,0,0,0,0,1,Intermediate
 37.07354,-118.97155,10.0,,"Vaino Kodas and Greg Vernon, 8/86",This Pussy Eats You,5.10b,,1,1,1,1,1,1,0,0,0,0,0,1,0,0,0,0,0,0,0,1,0,0,0,0,0,0,0,0,0,0,1,Intermediate
 34.66568,-116.97727,11.0,,Jack Marshall,Sluttering,5.11a,,1,1,0,1,1,1,0,0,0,0,0,1,0,0,0,0,0,0,0,0,1,0,0,0,0,0,0,0,0,0,1,Advanced
 34.66618,-116.9796,9.0,,"Joan Bertini, Dave Kennedy",Pussy Pie,5.9,,1,1,1,1,1,1,0,0,0,0,0,1,0,0,0,0,0,0,0,1,0,0,0,0,0,0,0,0,0,0,1,Intermediate
 34.51666,-116.99191,8.0,,Aaron Rough,Slut Buckets,5.8,,1,1,0,1,1,1,0,0,0,0,0,1,0,0,0,0,0,0,0,0,1,0,0,0,0,0,0,0,0,0,1,Intermediate
 35.57575,-117.5416,,6.0,Andrew Hanwright,Precious Bitch,,V6,1,1,0,1,1,1,0,0,0,0,0,1,0,0,0,0,0,0,1,0,0,0,0,0,0,0,0,0,0,0,1,Advanced
 44.54519,-117.67444,10.0,,"Andy Davis, equipped by Kevin Won",Breast Feeding in Public,5.10c,,0,1,1,1,1,1,0,0,0,0,0,1,0,0,0,0,0,0,0,0,0,0,0,0,0,0,0,0,0,0,1,Intermediate
 44.440690000000004,-122.57549,,2.0,90's,Bitchin Corners,,V2,1,1,0,1,1,1,0,0,0,0,0,1,0,0,0,0,0,0,1,0,0,0,0,0,0,0,0,0,0,0,1,Intermediate
 44.37453,-121.13966,10.0,,unknown,Mossy Tits,5.10a/b,,0,1,1,1,1,1,0,0,0,0,0,1,0,0,0,0,0,0,0,0,0,0,0,0,0,0,0,0,0,0,1,Intermediate
 47.8172,-121.6018,,6.0,unknown,Whore Hole,,V6,1,1,0,1,1,1,0,0,0,0,0,1,0,0,0,0,0,0,0,0,1,0,0,0,0,0,0,0,0,0,1,Advanced
 47.81956,-121.57498,8.0,,unknown,Who Put The Purr In My Pussy,5.8,,1,1,1,1,1,1,0,0,0,0,0,1,0,0,0,0,0,0,0,1,0,0,0,0,0,0,0,0,0,0,1,Intermediate
 47.75309,-117.55051,12.0,,unknown,Flip a Bitch Bear,5.12d,,1,1,0,1,1,1,0,0,0,0,0,1,0,0,0,0,0,0,1,0,0,0,0,0,0,0,0,0,0,0,1,Advanced
 48.8679,-117.3752,10.0,,Brett Jessen,Bar Brawling Bitches,5.10a,,1,1,0,1,1,1,0,0,0,0,0,1,0,0,0,0,0,0,1,0,0,0,0,0,0,0,0,0,0,0,1,Intermediate
 48.09568,-121.34904,,2.0,Jakub R.,Kuba's Vaginal Arete,,V0/1,0,1,1,1,1,1,0,0,0,0,0,1,0,0,0,0,0,0,0,1,0,0,1,0,0,0,0,0,0,0,1,Intermediate
 48.09568,-121.34904,,0.0,Michal R.,Wynona's Big Brown Beaver,,V0,0,1,1,1,1,1,0,0,0,0,0,1,0,0,0,0,0,0,0,1,0,0,0,0,0,0,0,0,0,0,1,Intermediate
 48.45494,-122.63295,9.0,,T. Nelson 1995,Eager Beaver,5.9+,,0,1,1,1,1,1,0,0,0,0,0,1,0,0,0,0,0,0,0,1,0,0,0,0,0,0,0,0,0,0,1,Intermediate
 48.78328,-119.27598,9.0,,unknown,No Pussyfooting,5.9,,1,1,1,1,1,1,0,0,0,0,0,1,0,0,0,0,0,0,0,1,0,0,0,0,0,0,0,0,0,0,1,Intermediate
 48.79016,-119.24996,5.0,,unknown,Anonymous Bitches,5.5,,1,1,0,1,1,1,0,0,0,0,0,1,0,0,0,0,0,0,1,0,0,0,0,0,0,0,0,0,0,0,1,Beginner
 48.09692,-123.55647,11.0,,"Scott Underwood, July 5th, 2018",Sum'bitch-Knockout,5.11c/d,,1,1,0,1,1,1,0,0,0,0,0,1,0,0,0,0,0,0,1,0,0,0,0,0,0,0,0,0,0,0,1,Advanced
 45.56714,-122.21051,10.0,,"03-19-2006 Jon Stewart, Amy Stewart, Jim Opdycke & Lary Jennings",Bitches Brew,5.10a,,1,1,0,1,1,1,0,0,0,0,0,1,0,0,0,0,0,0,1,0,0,0,0,0,0,0,0,0,0,0,1,Intermediate
 45.5667,-122.21137,9.0,,"Jim Opdyke, Mike Jackson, 1984",Opdyke's Crack,5.9,,1,1,0,1,1,1,0,0,0,0,0,1,0,1,0,0,0,0,0,0,0,0,0,0,0,0,0,0,0,0,1,Intermediate
 47.02297,-119.97362,9.0,,"Bill Robins, Paul Certa. August 1989",Split Beaver,5.9,,0,1,1,1,1,1,0,0,0,0,0,1,0,0,0,0,0,0,0,1,0,0,0,0,0,0,0,0,0,0,1,Intermediate
 47.023,-119.9741,10.0,,Leland Windham,Vaginal Satan,5.10d,,0,1,1,1,1,1,0,0,0,0,0,1,0,0,0,0,0,0,0,1,0,0,0,0,0,0,0,0,0,0,1,Intermediate
 47.55003,-120.69665,,3.0,unknown,Pussy Galore,,V3,1,1,1,1,1,1,0,0,0,0,0,1,0,0,0,0,0,0,0,1,0,0,0,0,0,0,0,0,0,0,1,Advanced
